Post ID,Page ID,Page name,Title,Description,Duration (sec),Publish time,Caption type,Permalink,Is crosspost,Is share,Post type,Languages,Custom labels,Funded content status,Data comment,Date,Views,Reach,"Reactions, comments and shares",Reactions,Comments,Shares,Total clicks,Matched audience targeting consumption (Photo Click),Other clicks,Seconds viewed,Average Seconds viewed,Estimated earnings (USD),Ad CPM (USD),Ad impressions
100098765440019,100098765432100,LumaCraft Studio,Artisan Home Decor | Now Available,Discover our pastel shirt collection. Designed for everyday style and easy gifting. #NewDrop #CottonLove,0,02/02/2025 18:44,Original,https://www.facebook.com/lumacraft-studio-synthetic/posts/100098765440019,0,0,Photos,English,,,,Lifetime,60894,47583,1172,993,110,69,565,224.0,341,,,,,
100098765447938,100098765432100,LumaCraft Studio,Artisan Home Decor | Now Available,Discover our handcrafted cotton kurta set. Designed for everyday style and easy gifting. #NewDrop #EverydayStyle,0,10/10/2025 16:08,Original,https://www.facebook.com/lumacraft-studio-synthetic/posts/100098765447938,0,0,Photos,English,,,,Lifetime,6024,4564,248,221,16,11,48,27.0,21,,,,,
100098765455857,100098765432100,LumaCraft Studio,Everyday Cotton Saree | Weekend Pick,Discover our embroidered festive set. Designed for everyday style and easy gifting. #NewDrop #StyleInspiration,39,08/27/2025 16:58,Original,https://www.facebook.com/lumacraft-studio-synthetic/posts/100098765455857,0,0,Videos,English,,,,Lifetime,5988,4586,173,152,11,10,58,,58,165268.0,27.6,,,
100098765463776,100098765432100,LumaCraft Studio,Everyday Cotton Saree | Limited Edit,Discover our handwoven stole. Designed for everyday style and easy gifting. #FestiveEdit #CottonLove,30,06/10/2025 15:51,Original,https://www.facebook.com/lumacraft-studio-synthetic/posts/100098765463776,0,0,Videos,English,,,,Lifetime,59580,28815,1176,1065,58,53,346,,346,881784.0,14.8,31.29,4.01,7802.0
100098765471695,100098765432100,LumaCraft Studio,Handwoven Stole | Limited Edit,Discover our embroidered festive set. Designed for everyday style and easy gifting. #LumaCraft #StyleInspiration,0,06/08/2025 14:41,Original,https://www.facebook.com/lumacraft-studio-synthetic/posts/100098765471695,0,0,Photos,English,,,,Lifetime,4185,3306,106,100,4,2,47,18.0,29,,,,,
100098765479614,100098765432100,LumaCraft Studio,Artisan Home Decor | Weekend Pick,Discover our everyday cotton saree. Designed for everyday style and easy gifting. #CottonLove #Handmade,0,11/10/2025 13:38,Original,https://www.facebook.com/lumacraft-studio-synthetic/posts/100098765479614,0,0,Photos,English,,,,Lifetime,9116,8589,293,262,14,17,106,43.0,63,,,,,
100098765487533,100098765432100,LumaCraft Studio,Handwoven Stole | Now Available,Discover our handwoven stole. Designed for everyday style and easy gifting. #NewDrop #NewDrop,0,02/01/2025 11:26,Original,https://www.facebook.com/lumacraft-studio-synthetic/posts/100098765487533,0,0,Photos,English,,,,Lifetime,13416,12483,502,452,26,24,162,50.0,112,,,,,
100098765495452,100098765432100,LumaCraft Studio,Handcrafted Cotton Kurta Set | Now Available,Discover our minimalist tote bag. Designed for everyday style and easy gifting. #EverydayStyle #Handmade,0,09/12/2025 15:28,Shared,https://www.facebook.com/lumacraft-studio-synthetic/posts/100098765495452,0,0,Photos,English,,,,Lifetime,3733,3356,90,74,6,10,33,22.0,11,,,,,
100098765503371,100098765432100,LumaCraft Studio,Handwoven Stole | Weekend Pick,Discover our minimalist tote bag. Designed for everyday style and easy gifting. #NewDrop #StyleInspiration,0,03/15/2025 12:20,Original,https://www.facebook.com/lumacraft-studio-synthetic/posts/100098765503371,0,0,Photos,English,,,,Lifetime,7077,5998,117,86,16,15,82,26.0,56,,,,,
100098765511290,100098765432100,LumaCraft Studio,Handcrafted Cotton Kurta Set | Limited Edit,Discover our minimalist tote bag. Designed for everyday style and easy gifting. #Handmade #Handmade,0,02/04/2025 14:22,Original,https://www.facebook.com/lumacraft-studio-synthetic/posts/100098765511290,0,0,Photos,English,,,,Lifetime,6056,5492,217,195,10,12,61,26.0,35,,,,,
100098765519209,100098765432100,LumaCraft Studio,Linen Co-Ord Set | New Arrival,Discover our handwoven stole. Designed for everyday style and easy gifting. #EverydayStyle #CottonLove,30,07/12/2025 14:26,Original,https://www.facebook.com/lumacraft-studio-synthetic/posts/100098765519209,0,0,Videos,English,,,,Lifetime,51941,33155,314,175,72,67,400,,400,825861.0,15.9,65.22,4.31,15133.0
100098765527128,100098765432100,LumaCraft Studio,Handcrafted Cotton Kurta Set | Weekend Pick,Discover our linen co-ord set. Designed for everyday style and easy gifting. #LumaCraft #LumaCraft,35,12/23/2025 17:22,Original,https://www.facebook.com/lumacraft-studio-synthetic/posts/100098765527128,0,0,Videos,English,,,,Lifetime,20273,10631,397,336,43,18,114,,114,504797.0,24.9,,,
100098765535047,100098765432100,LumaCraft Studio,Linen Co-Ord Set | Limited Edit,Discover our linen co-ord set. Designed for everyday style and easy gifting. #Handmade #StyleInspiration,0,09/26/2025 13:47,Original,https://www.facebook.com/lumacraft-studio-synthetic/posts/100098765535047,0,0,Photos,English,,,,Lifetime,24791,20937,1201,1132,41,28,281,105.0,176,,,,,
100098765542966,100098765432100,LumaCraft Studio,Artisan Home Decor | Limited Edit,Discover our everyday cotton saree. Designed for everyday style and easy gifting. #FestiveEdit #Handmade,0,10/05/2025 19:56,Original,https://www.facebook.com/lumacraft-studio-synthetic/posts/100098765542966,0,0,Photos,English,,,,Lifetime,13029,9008,413,386,15,12,100,42.0,58,,,,,
100098765550885,100098765432100,LumaCraft Studio,Linen Co-Ord Set | Limited Edit,Discover our artisan home decor. Designed for everyday style and easy gifting. #EverydayStyle #CottonLove,0,09/19/2025 15:46,Original,https://www.facebook.com/lumacraft-studio-synthetic/posts/100098765550885,0,0,Photos,English,,,,Lifetime,11741,11328,285,243,18,24,139,53.0,86,,,,,
100098765558804,100098765432100,LumaCraft Studio,Linen Co-Ord Set | New Arrival,Discover our pastel shirt collection. Designed for everyday style and easy gifting. #LumaCraft #CottonLove,0,10/14/2025 16:19,Original,https://www.facebook.com/lumacraft-studio-synthetic/posts/100098765558804,0,0,Photos,English,,,,Lifetime,6210,4310,142,133,4,5,65,22.0,43,,,,,
100098765566723,100098765432100,LumaCraft Studio,Embroidered Festive Set | New Arrival,Discover our pastel shirt collection. Designed for everyday style and easy gifting. #Handmade #ShopSmall,0,07/07/2025 19:29,Original,https://www.facebook.com/lumacraft-studio-synthetic/posts/100098765566723,0,0,Photos,English,,,,Lifetime,14601,12499,612,555,32,25,160,65.0,95,,,,,
100098765574642,100098765432100,LumaCraft Studio,Everyday Cotton Saree | Fresh Drop,Discover our minimalist tote bag. Designed for everyday style and easy gifting. #LumaCraft #NewDrop,0,02/16/2025 18:39,Original,https://www.facebook.com/lumacraft-studio-synthetic/posts/100098765574642,0,0,Photos,English,,,,Lifetime,24783,22566,828,719,59,50,262,110.0,152,,,,,
100098765582561,100098765432100,LumaCraft Studio,Embroidered Festive Set | Weekend Pick,Discover our printed summer dress. Designed for everyday style and easy gifting. #ShopSmall #Handmade,0,11/03/2025 16:45,Original,https://www.facebook.com/lumacraft-studio-synthetic/posts/100098765582561,0,0,Photos,English,,,,Lifetime,4117,3338,136,120,11,5,40,19.0,21,,,,,
100098765590480,100098765432100,LumaCraft Studio,Linen Co-Ord Set | Now Available,Discover our everyday cotton saree. Designed for everyday style and easy gifting. #FestiveEdit #StyleInspiration,0,06/14/2025 13:37,Original,https://www.facebook.com/lumacraft-studio-synthetic/posts/100098765590480,0,0,Photos,English,,,,Lifetime,8261,6498,211,186,14,11,63,29.0,34,,,,,
100098765598399,100098765432100,LumaCraft Studio,Everyday Cotton Saree | Fresh Drop,Discover our minimalist tote bag. Designed for everyday style and easy gifting. #Handmade #FestiveEdit,0,07/02/2025 17:02,Original,https://www.facebook.com/lumacraft-studio-synthetic/posts/100098765598399,0,0,Photos,English,,,,Lifetime,6391,5861,257,240,11,6,67,26.0,41,,,,,
100098765606318,100098765432100,LumaCraft Studio,Embroidered Festive Set | New Arrival,Discover our pastel shirt collection. Designed for everyday style and easy gifting. #CottonLove #CottonLove,0,05/16/2025 17:12,Original,https://www.facebook.com/lumacraft-studio-synthetic/posts/100098765606318,0,0,Photos,English,,,,Lifetime,6039,4797,143,121,11,11,59,28.0,31,,,,,
100098765614237,100098765432100,LumaCraft Studio,Pastel Shirt Collection | Now Available,Discover our embroidered festive set. Designed for everyday style and easy gifting. #NewDrop #FestiveEdit,19,03/08/2025 19:55,Original,https://www.facebook.com/lumacraft-studio-synthetic/posts/100098765614237,0,0,Videos,English,,,,Lifetime,22570,12516,233,185,23,25,138,,138,313723.0,13.9,,,
100098765622156,100098765432100,LumaCraft Studio,Printed Summer Dress | Limited Edit,Discover our handwoven stole. Designed for everyday style and easy gifting. #ShopSmall #EverydayStyle,0,12/05/2025 16:07,Original,https://www.facebook.com/lumacraft-studio-synthetic/posts/100098765622156,0,0,Photos,English,,,,Lifetime,5555,3916,80,71,4,5,46,20.0,26,,,,,
100098765630075,100098765432100,LumaCraft Studio,Weekend Collection | Fresh Drop,Discover our printed summer dress. Designed for everyday style and easy gifting. #StyleInspiration #ShopSmall,0,10/13/2025 10:37,Original,https://www.facebook.com/lumacraft-studio-synthetic/posts/100098765630075,0,0,Photos,English,,,,Lifetime,7240,6918,330,307,11,12,56,33.0,23,,,,,
100098765637994,100098765432100,LumaCraft Studio,Artisan Home Decor | Fresh Drop,Discover our minimalist tote bag. Designed for everyday style and easy gifting. #EverydayStyle #FestiveEdit,18,08/24/2025 09:43,Original,https://www.facebook.com/lumacraft-studio-synthetic/posts/100098765637994,0,0,Videos,English,,,,Lifetime,44366,28880,1340,1236,61,43,357,,357,337181.0,7.6,26.38,2.15,12268.0
100098765645913,100098765432100,LumaCraft Studio,Weekend Collection | New Arrival,Discover our printed summer dress. Designed for everyday style and easy gifting. #StyleInspiration #LumaCraft,0,05/27/2025 20:43,Original,https://www.facebook.com/lumacraft-studio-synthetic/posts/100098765645913,0,0,Photos,English,,,,Lifetime,28562,21040,702,608,55,39,267,93.0,174,,,,,
100098765653832,100098765432100,LumaCraft Studio,Artisan Home Decor | Limited Edit,Discover our handwoven stole. Designed for everyday style and easy gifting. #ShopSmall #CottonLove,0,10/28/2025 20:08,Original,https://www.facebook.com/lumacraft-studio-synthetic/posts/100098765653832,0,0,Photos,English,,,,Lifetime,13953,12797,839,791,28,20,144,66.0,78,,,,,
100098765661751,100098765432100,LumaCraft Studio,Embroidered Festive Set | Limited Edit,Discover our linen co-ord set. Designed for everyday style and easy gifting. #ShopSmall #ShopSmall,26,07/19/2025 18:24,Original,https://www.facebook.com/lumacraft-studio-synthetic/posts/100098765661751,0,0,Videos,English,,,,Lifetime,22698,20287,676,588,50,38,237,,237,254217.0,11.2,16.54,3.17,5218.0
100098765669670,100098765432100,LumaCraft Studio,Embroidered Festive Set | Fresh Drop,Discover our weekend collection. Designed for everyday style and easy gifting. #EverydayStyle #NewDrop,0,06/11/2025 18:35,Shared,https://www.facebook.com/lumacraft-studio-synthetic/posts/100098765669670,0,0,Photos,English,,,,Lifetime,16032,11958,150,104,27,19,141,59.0,82,,,,,
100098765677589,100098765432100,LumaCraft Studio,Handcrafted Cotton Kurta Set | Weekend Pick,Discover our handwoven stole. Designed for everyday style and easy gifting. #NewDrop #ShopSmall,0,06/14/2025 18:55,Original,https://www.facebook.com/lumacraft-studio-synthetic/posts/100098765677589,0,0,Photos,English,,,,Lifetime,7533,7462,427,403,9,15,100,39.0,61,,,,,
100098765685508,100098765432100,LumaCraft Studio,Pastel Shirt Collection | Limited Edit,Discover our embroidered festive set. Designed for everyday style and easy gifting. #FestiveEdit #EverydayStyle,0,03/24/2025 13:56,Original,https://www.facebook.com/lumacraft-studio-synthetic/posts/100098765685508,0,0,Photos,English,,,,Lifetime,15683,13536,203,155,23,25,165,65.0,100,,,,,
100098765693427,100098765432100,LumaCraft Studio,Pastel Shirt Collection | Weekend Pick,Discover our weekend collection. Designed for everyday style and easy gifting. #StyleInspiration #EverydayStyle,0,02/03/2025 16:03,Original,https://www.facebook.com/lumacraft-studio-synthetic/posts/100098765693427,0,0,Photos,English,,,,Lifetime,4606,3487,101,85,6,10,27,13.0,14,,,,,
100098765701346,100098765432100,LumaCraft Studio,Artisan Home Decor | Limited Edit,Discover our handwoven stole. Designed for everyday style and easy gifting. #StyleInspiration #CottonLove,0,07/22/2025 16:05,Original,https://www.facebook.com/lumacraft-studio-synthetic/posts/100098765701346,0,0,Photos,English,,,,Lifetime,2155,2110,88,76,6,6,22,11.0,11,,,,,
100098765709265,100098765432100,LumaCraft Studio,Linen Co-Ord Set | Fresh Drop,Discover our handcrafted cotton kurta set. Designed for everyday style and easy gifting. #CottonLove #EverydayStyle,0,11/21/2025 11:07,Original,https://www.facebook.com/lumacraft-studio-synthetic/posts/100098765709265,0,0,Photos,English,,,,Lifetime,4523,3255,81,67,7,7,54,20.0,34,,,,,
100098765717184,100098765432100,LumaCraft Studio,Minimalist Tote Bag | Now Available,Discover our weekend collection. Designed for everyday style and easy gifting. #LumaCraft #NewDrop,0,01/24/2025 16:33,Original,https://www.facebook.com/lumacraft-studio-synthetic/posts/100098765717184,0,0,Photos,English,,,,Lifetime,8576,7771,371,348,12,11,93,53.0,40,,,,,
100098765725103,100098765432100,LumaCraft Studio,Printed Summer Dress | Limited Edit,Discover our artisan home decor. Designed for everyday style and easy gifting. #Handmade #EverydayStyle,0,11/10/2025 15:40,Original,https://www.facebook.com/lumacraft-studio-synthetic/posts/100098765725103,0,0,Photos,English,,,,Lifetime,13821,10283,587,547,23,17,106,53.0,53,,,,,
100098765733022,100098765432100,LumaCraft Studio,Artisan Home Decor | Fresh Drop,Discover our pastel shirt collection. Designed for everyday style and easy gifting. #ShopSmall #StyleInspiration,0,10/30/2025 18:31,Original,https://www.facebook.com/lumacraft-studio-synthetic/posts/100098765733022,0,0,Photos,English,,,,Lifetime,12995,9294,151,124,12,15,110,50.0,60,,,,,
100098765740941,100098765432100,LumaCraft Studio,Handcrafted Cotton Kurta Set | Fresh Drop,Discover our artisan home decor. Designed for everyday style and easy gifting. #ShopSmall #CottonLove,0,04/12/2025 18:31,Original,https://www.facebook.com/lumacraft-studio-synthetic/posts/100098765740941,0,0,Photos,English,,,,Lifetime,30460,20266,694,631,44,19,248,106.0,142,,,,,
100098765748860,100098765432100,LumaCraft Studio,Handwoven Stole | Fresh Drop,Discover our weekend collection. Designed for everyday style and easy gifting. #LumaCraft #EverydayStyle,0,08/19/2025 16:29,Original,https://www.facebook.com/lumacraft-studio-synthetic/posts/100098765748860,0,0,Photos,English,,,,Lifetime,5132,5736,295,258,21,16,67,26.0,41,,,,,
100098765756779,100098765432100,LumaCraft Studio,Everyday Cotton Saree | Fresh Drop,Discover our artisan home decor. Designed for everyday style and easy gifting. #Handmade #Handmade,53,03/02/2025 20:50,Original,https://www.facebook.com/lumacraft-studio-synthetic/posts/100098765756779,0,0,Videos,English,,,,Lifetime,28978,18345,362,301,34,27,232,,232,1020025.0,35.2,,,
100098765764698,100098765432100,LumaCraft Studio,Artisan Home Decor | Now Available,Discover our artisan home decor. Designed for everyday style and easy gifting. #EverydayStyle #CottonLove,0,10/04/2025 10:07,Original,https://www.facebook.com/lumacraft-studio-synthetic/posts/100098765764698,0,0,Photos,English,,,,Lifetime,6963,4541,218,197,11,10,54,26.0,28,,,,,
100098765772617,100098765432100,LumaCraft Studio,Embroidered Festive Set | Fresh Drop,Discover our embroidered festive set. Designed for everyday style and easy gifting. #NewDrop #EverydayStyle,0,09/13/2025 09:29,Shared,https://www.facebook.com/lumacraft-studio-synthetic/posts/100098765772617,0,0,Photos,English,,,,Lifetime,6345,5380,309,282,14,13,73,26.0,47,,,,,
100098765780536,100098765432100,LumaCraft Studio,Handwoven Stole | Fresh Drop,Discover our pastel shirt collection. Designed for everyday style and easy gifting. #CottonLove #CottonLove,0,05/10/2025 15:39,Original,https://www.facebook.com/lumacraft-studio-synthetic/posts/100098765780536,0,0,Photos,English,,,,Lifetime,6235,5867,316,295,10,11,79,28.0,51,,,,,
100098765788455,100098765432100,LumaCraft Studio,Weekend Collection | New Arrival,Discover our embroidered festive set. Designed for everyday style and easy gifting. #CottonLove #EverydayStyle,0,01/25/2025 18:12,Original,https://www.facebook.com/lumacraft-studio-synthetic/posts/100098765788455,0,0,Photos,English,,,,Lifetime,14988,10451,323,283,24,16,114,57.0,57,,,,,
100098765796374,100098765432100,LumaCraft Studio,Linen Co-Ord Set | Weekend Pick,Discover our artisan home decor. Designed for everyday style and easy gifting. #EverydayStyle #FestiveEdit,0,12/21/2025 14:40,Original,https://www.facebook.com/lumacraft-studio-synthetic/posts/100098765796374,0,0,Photos,English,,,,Lifetime,19846,15867,641,582,35,24,206,92.0,114,,,,,
100098765804293,100098765432100,LumaCraft Studio,Minimalist Tote Bag | Limited Edit,Discover our linen co-ord set. Designed for everyday style and easy gifting. #Handmade #EverydayStyle,0,06/12/2025 19:49,Original,https://www.facebook.com/lumacraft-studio-synthetic/posts/100098765804293,0,0,Photos,English,,,,Lifetime,16169,13224,658,598,26,34,165,63.0,102,,,,,
100098765812212,100098765432100,LumaCraft Studio,Linen Co-Ord Set | Limited Edit,Discover our pastel shirt collection. Designed for everyday style and easy gifting. #CottonLove #NewDrop,0,11/22/2025 13:45,Original,https://www.facebook.com/lumacraft-studio-synthetic/posts/100098765812212,0,0,Photos,English,,,,Lifetime,6728,4855,96,68,13,15,60,20.0,40,,,,,
100098765820131,100098765432100,LumaCraft Studio,Handwoven Stole | New Arrival,Discover our artisan home decor. Designed for everyday style and easy gifting. #ShopSmall #ShopSmall,60,09/05/2025 14:31,Original,https://www.facebook.com/lumacraft-studio-synthetic/posts/100098765820131,0,0,Videos,English,,,,Lifetime,18391,9703,352,317,18,17,109,,109,737479.0,40.1,,,
100098765828050,100098765432100,LumaCraft Studio,Minimalist Tote Bag | Fresh Drop,Discover our handwoven stole. Designed for everyday style and easy gifting. #LumaCraft #NewDrop,51,10/12/2025 11:18,Original,https://www.facebook.com/lumacraft-studio-synthetic/posts/100098765828050,0,0,Videos,English,,,,Lifetime,13170,6619,278,250,14,14,83,,83,359541.0,27.3,,,
100098765835969,100098765432100,LumaCraft Studio,Printed Summer Dress | Weekend Pick,Discover our printed summer dress. Designed for everyday style and easy gifting. #LumaCraft #CottonLove,0,10/05/2025 11:05,Original,https://www.facebook.com/lumacraft-studio-synthetic/posts/100098765835969,0,0,Photos,English,,,,Lifetime,6679,4992,224,197,14,13,58,24.0,34,,,,,
100098765843888,100098765432100,LumaCraft Studio,Handwoven Stole | Limited Edit,Discover our minimalist tote bag. Designed for everyday style and easy gifting. #Handmade #NewDrop,0,03/13/2025 15:56,Original,https://www.facebook.com/lumacraft-studio-synthetic/posts/100098765843888,0,0,Photos,English,,,,Lifetime,10967,10922,340,299,21,20,118,56.0,62,,,,,
100098765851807,100098765432100,LumaCraft Studio,Artisan Home Decor | New Arrival,Discover our minimalist tote bag. Designed for everyday style and easy gifting. #EverydayStyle #NewDrop,0,05/13/2025 14:07,Original,https://www.facebook.com/lumacraft-studio-synthetic/posts/100098765851807,0,0,Photos,English,,,,Lifetime,13126,13592,504,456,25,23,187,70.0,117,,,,,
100098765859726,100098765432100,LumaCraft Studio,Handwoven Stole | Now Available,Discover our printed summer dress. Designed for everyday style and easy gifting. #FestiveEdit #StyleInspiration,0,06/20/2025 16:43,Original,https://www.facebook.com/lumacraft-studio-synthetic/posts/100098765859726,0,0,Photos,English,,,,Lifetime,5432,4700,202,178,12,12,50,28.0,22,,,,,
100098765867645,100098765432100,LumaCraft Studio,Handwoven Stole | Weekend Pick,Discover our weekend collection. Designed for everyday style and easy gifting. #LumaCraft #FestiveEdit,0,07/01/2025 20:21,Original,https://www.facebook.com/lumacraft-studio-synthetic/posts/100098765867645,0,0,Photos,English,,,,Lifetime,25925,17583,764,679,44,41,204,103.0,101,,,,,
100098765875564,100098765432100,LumaCraft Studio,Minimalist Tote Bag | Limited Edit,Discover our artisan home decor. Designed for everyday style and easy gifting. #NewDrop #FestiveEdit,46,01/16/2025 15:46,Original,https://www.facebook.com/lumacraft-studio-synthetic/posts/100098765875564,0,0,Videos,English,,,,Lifetime,10211,7244,107,80,12,15,104,,104,309393.0,30.3,,,
100098765883483,100098765432100,LumaCraft Studio,Pastel Shirt Collection | Weekend Pick,Discover our artisan home decor. Designed for everyday style and easy gifting. #NewDrop #Handmade,57,07/19/2025 14:39,Original,https://www.facebook.com/lumacraft-studio-synthetic/posts/100098765883483,0,0,Videos,English,,,,Lifetime,21755,15873,852,793,30,29,195,,195,733143.0,33.7,,,
100098765891402,100098765432100,LumaCraft Studio,Minimalist Tote Bag | Fresh Drop,Discover our artisan home decor. Designed for everyday style and easy gifting. #StyleInspiration #CottonLove,35,02/26/2025 17:59,Shared,https://www.facebook.com/lumacraft-studio-synthetic/posts/100098765891402,0,0,Videos,English,,,,Lifetime,9968,4584,202,186,11,5,61,,61,163475.0,16.4,,,
100098765899321,100098765432100,LumaCraft Studio,Handwoven Stole | Limited Edit,Discover our pastel shirt collection. Designed for everyday style and easy gifting. #StyleInspiration #LumaCraft,0,09/29/2025 20:25,Original,https://www.facebook.com/lumacraft-studio-synthetic/posts/100098765899321,0,0,Photos,English,,,,Lifetime,5982,5580,46,26,12,8,61,29.0,32,,,,,
100098765907240,100098765432100,LumaCraft Studio,Printed Summer Dress | Weekend Pick,Discover our linen co-ord set. Designed for everyday style and easy gifting. #StyleInspiration #Handmade,44,09/07/2025 19:07,Original,https://www.facebook.com/lumacraft-studio-synthetic/posts/100098765907240,0,0,Videos,English,,,,Lifetime,13528,6659,382,348,16,18,78,,78,443718.0,32.8,,,
100098765915159,100098765432100,LumaCraft Studio,Linen Co-Ord Set | Weekend Pick,Discover our embroidered festive set. Designed for everyday style and easy gifting. #Handmade #LumaCraft,0,12/03/2025 17:07,Original,https://www.facebook.com/lumacraft-studio-synthetic/posts/100098765915159,0,0,Photos,English,,,,Lifetime,14190,10834,245,207,24,14,122,53.0,69,,,,,
100098765923078,100098765432100,LumaCraft Studio,Everyday Cotton Saree | Fresh Drop,Discover our handcrafted cotton kurta set. Designed for everyday style and easy gifting. #Handmade #StyleInspiration,0,09/29/2025 16:07,Original,https://www.facebook.com/lumacraft-studio-synthetic/posts/100098765923078,0,0,Photos,English,,,,Lifetime,3213,2288,83,70,9,4,22,11.0,11,,,,,
100098765930997,100098765432100,LumaCraft Studio,Printed Summer Dress | Limited Edit,Discover our printed summer dress. Designed for everyday style and easy gifting. #NewDrop #EverydayStyle,0,05/14/2025 17:32,Shared,https://www.facebook.com/lumacraft-studio-synthetic/posts/100098765930997,0,0,Photos,English,,,,Lifetime,5350,3925,114,97,12,5,44,15.0,29,,,,,
100098765938916,100098765432100,LumaCraft Studio,Handwoven Stole | Limited Edit,Discover our weekend collection. Designed for everyday style and easy gifting. #LumaCraft #LumaCraft,27,12/20/2025 15:00,Original,https://www.facebook.com/lumacraft-studio-synthetic/posts/100098765938916,0,0,Videos,English,,,,Lifetime,18968,9716,283,235,27,21,110,,110,320559.0,16.9,,,
100098765946835,100098765432100,LumaCraft Studio,Artisan Home Decor | Now Available,Discover our weekend collection. Designed for everyday style and easy gifting. #LumaCraft #ShopSmall,0,05/30/2025 18:25,Original,https://www.facebook.com/lumacraft-studio-synthetic/posts/100098765946835,0,0,Photos,English,,,,Lifetime,25607,25365,453,362,52,39,272,146.0,126,,,,,
100098765954754,100098765432100,LumaCraft Studio,Handcrafted Cotton Kurta Set | Limited Edit,Discover our handwoven stole. Designed for everyday style and easy gifting. #ShopSmall #CottonLove,26,04/29/2025 15:17,Original,https://www.facebook.com/lumacraft-studio-synthetic/posts/100098765954754,0,0,Videos,English,,,,Lifetime,36401,21829,939,856,41,42,255,,255,531454.0,14.6,5.11,1.47,3479.0
100098765962673,100098765432100,LumaCraft Studio,Embroidered Festive Set | Weekend Pick,Discover our artisan home decor. Designed for everyday style and easy gifting. #ShopSmall #FestiveEdit,0,11/27/2025 15:00,Shared,https://www.facebook.com/lumacraft-studio-synthetic/posts/100098765962673,0,0,Photos,English,,,,Lifetime,12649,12095,376,326,30,20,126,75.0,51,,,,,
100098765970592,100098765432100,LumaCraft Studio,Handwoven Stole | Weekend Pick,Discover our pastel shirt collection. Designed for everyday style and easy gifting. #Handmade #Handmade,43,05/16/2025 19:18,Original,https://www.facebook.com/lumacraft-studio-synthetic/posts/100098765970592,0,0,Videos,English,,,,Lifetime,13019,11798,297,255,18,24,145,,145,262983.0,20.2,,,
100098765978511,100098765432100,LumaCraft Studio,Handcrafted Cotton Kurta Set | Fresh Drop,Discover our handcrafted cotton kurta set. Designed for everyday style and easy gifting. #EverydayStyle #NewDrop,0,01/28/2025 18:32,Original,https://www.facebook.com/lumacraft-studio-synthetic/posts/100098765978511,0,0,Photos,English,,,,Lifetime,27575,18407,771,697,47,27,220,78.0,142,,,,,
100098765986430,100098765432100,LumaCraft Studio,Handwoven Stole | Weekend Pick,Discover our embroidered festive set. Designed for everyday style and easy gifting. #StyleInspiration #LumaCraft,0,06/21/2025 23:06,Original,https://www.facebook.com/lumacraft-studio-synthetic/posts/100098765986430,0,0,Photos,English,,,,Lifetime,8711,7743,254,211,23,20,79,36.0,43,,,,,
100098765994349,100098765432100,LumaCraft Studio,Weekend Collection | Fresh Drop,Discover our handcrafted cotton kurta set. Designed for everyday style and easy gifting. #LumaCraft #StyleInspiration,53,10/18/2025 19:41,Original,https://www.facebook.com/lumacraft-studio-synthetic/posts/100098765994349,0,0,Videos,English,,,,Lifetime,28682,17437,342,281,29,32,184,,184,679763.0,23.7,,,
100098766002268,100098765432100,LumaCraft Studio,Embroidered Festive Set | New Arrival,Discover our printed summer dress. Designed for everyday style and easy gifting. #LumaCraft #LumaCraft,0,03/11/2025 18:17,Original,https://www.facebook.com/lumacraft-studio-synthetic/posts/100098766002268,0,0,Photos,English,,,,Lifetime,7051,6598,155,127,16,12,74,36.0,38,,,,,
100098766010187,100098765432100,LumaCraft Studio,Linen Co-Ord Set | New Arrival,Discover our linen co-ord set. Designed for everyday style and easy gifting. #ShopSmall #StyleInspiration,0,06/18/2025 10:39,Original,https://www.facebook.com/lumacraft-studio-synthetic/posts/100098766010187,0,0,Photos,English,,,,Lifetime,10203,7652,205,173,16,16,92,38.0,54,,,,,
100098766018106,100098765432100,LumaCraft Studio,Embroidered Festive Set | Now Available,Discover our embroidered festive set. Designed for everyday style and easy gifting. #Handmade #LumaCraft,0,02/17/2025 17:59,Original,https://www.facebook.com/lumacraft-studio-synthetic/posts/100098766018106,0,0,Photos,English,,,,Lifetime,6471,7181,418,381,23,14,68,27.0,41,,,,,
100098766026025,100098765432100,LumaCraft Studio,Linen Co-Ord Set | Fresh Drop,Discover our pastel shirt collection. Designed for everyday style and easy gifting. #CottonLove #Handmade,0,09/08/2025 17:37,Original,https://www.facebook.com/lumacraft-studio-synthetic/posts/100098766026025,0,0,Photos,English,,,,Lifetime,6821,5359,261,243,11,7,65,23.0,42,,,,,
100098766033944,100098765432100,LumaCraft Studio,Linen Co-Ord Set | Limited Edit,Discover our handwoven stole. Designed for everyday style and easy gifting. #NewDrop #FestiveEdit,0,06/23/2025 19:05,Original,https://www.facebook.com/lumacraft-studio-synthetic/posts/100098766033944,0,0,Photos,English,,,,Lifetime,14786,11947,614,573,31,10,143,61.0,82,,,,,
100098766041863,100098765432100,LumaCraft Studio,Linen Co-Ord Set | Weekend Pick,Discover our everyday cotton saree. Designed for everyday style and easy gifting. #ShopSmall #FestiveEdit,0,05/01/2025 07:14,Original,https://www.facebook.com/lumacraft-studio-synthetic/posts/100098766041863,0,0,Photos,English,,,,Lifetime,4026,3525,178,168,6,4,53,27.0,26,,,,,
100098766049782,100098765432100,LumaCraft Studio,Minimalist Tote Bag | Limited Edit,Discover our minimalist tote bag. Designed for everyday style and easy gifting. #EverydayStyle #LumaCraft,0,03/24/2025 11:14,Original,https://www.facebook.com/lumacraft-studio-synthetic/posts/100098766049782,0,0,Photos,English,,,,Lifetime,5283,4444,207,190,7,10,53,24.0,29,,,,,
100098766057701,100098765432100,LumaCraft Studio,Artisan Home Decor | Weekend Pick,Discover our handwoven stole. Designed for everyday style and easy gifting. #ShopSmall #StyleInspiration,52,07/26/2025 18:48,Shared,https://www.facebook.com/lumacraft-studio-synthetic/posts/100098766057701,0,0,Videos,English,,,,Lifetime,16615,9710,395,360,19,16,117,,117,511742.0,30.8,,,
100098766065620,100098765432100,LumaCraft Studio,Handcrafted Cotton Kurta Set | Now Available,Discover our artisan home decor. Designed for everyday style and easy gifting. #EverydayStyle #FestiveEdit,0,09/02/2025 19:11,Original,https://www.facebook.com/lumacraft-studio-synthetic/posts/100098766065620,0,0,Photos,English,,,,Lifetime,8717,7544,311,279,13,19,96,34.0,62,,,,,
100098766073539,100098765432100,LumaCraft Studio,Handcrafted Cotton Kurta Set | Now Available,Discover our minimalist tote bag. Designed for everyday style and easy gifting. #StyleInspiration #StyleInspiration,0,12/10/2025 17:54,Original,https://www.facebook.com/lumacraft-studio-synthetic/posts/100098766073539,0,0,Photos,English,,,,Lifetime,8439,6531,234,206,14,14,81,32.0,49,,,,,
100098766081458,100098765432100,LumaCraft Studio,Everyday Cotton Saree | Weekend Pick,Discover our handwoven stole. Designed for everyday style and easy gifting. #FestiveEdit #StyleInspiration,0,06/09/2025 06:02,Shared,https://www.facebook.com/lumacraft-studio-synthetic/posts/100098766081458,0,0,Photos,English,,,,Lifetime,6017,4436,198,176,12,10,56,23.0,33,,,,,
100098766089377,100098765432100,LumaCraft Studio,Printed Summer Dress | Limited Edit,Discover our embroidered festive set. Designed for everyday style and easy gifting. #CottonLove #EverydayStyle,0,02/28/2025 08:49,Original,https://www.facebook.com/lumacraft-studio-synthetic/posts/100098766089377,0,0,Photos,English,,,,Lifetime,12703,7915,275,244,21,10,103,48.0,55,,,,,
100098766097296,100098765432100,LumaCraft Studio,Artisan Home Decor | New Arrival,Discover our printed summer dress. Designed for everyday style and easy gifting. #Handmade #Handmade,0,10/31/2025 18:36,Original,https://www.facebook.com/lumacraft-studio-synthetic/posts/100098766097296,0,0,Photos,English,,,,Lifetime,18422,19222,959,898,27,34,240,88.0,152,,,,,
100098766105215,100098765432100,LumaCraft Studio,Artisan Home Decor | Weekend Pick,Discover our everyday cotton saree. Designed for everyday style and easy gifting. #EverydayStyle #ShopSmall,38,08/18/2025 12:17,Original,https://www.facebook.com/lumacraft-studio-synthetic/posts/100098766105215,0,0,Videos,English,,,,Lifetime,14725,11698,184,133,32,19,133,,133,319532.0,21.7,,,
100098766113134,100098765432100,LumaCraft Studio,Handwoven Stole | New Arrival,Discover our pastel shirt collection. Designed for everyday style and easy gifting. #FestiveEdit #CottonLove,43,09/13/2025 08:50,Original,https://www.facebook.com/lumacraft-studio-synthetic/posts/100098766113134,0,0,Videos,English,,,,Lifetime,7178,5116,247,223,15,9,67,,67,203855.0,28.4,,,
100098766121053,100098765432100,LumaCraft Studio,Everyday Cotton Saree | Now Available,Discover our printed summer dress. Designed for everyday style and easy gifting. #Handmade #NewDrop,0,02/05/2025 18:58,Original,https://www.facebook.com/lumacraft-studio-synthetic/posts/100098766121053,0,0,Photos,English,,,,Lifetime,15688,13340,602,538,35,29,176,85.0,91,,,,,
100098766128972,100098765432100,LumaCraft Studio,Minimalist Tote Bag | Now Available,Discover our everyday cotton saree. Designed for everyday style and easy gifting. #Handmade #Handmade,0,04/25/2025 18:55,Original,https://www.facebook.com/lumacraft-studio-synthetic/posts/100098766128972,0,0,Photos,English,,,,Lifetime,26876,18351,636,573,35,28,213,106.0,107,,,,,
100098766136891,100098765432100,LumaCraft Studio,Linen Co-Ord Set | Now Available,Discover our printed summer dress. Designed for everyday style and easy gifting. #FestiveEdit #LumaCraft,0,10/08/2025 17:49,Original,https://www.facebook.com/lumacraft-studio-synthetic/posts/100098766136891,0,0,Photos,English,,,,Lifetime,2622,2104,106,95,7,4,31,14.0,17,,,,,
100098766144810,100098765432100,LumaCraft Studio,Printed Summer Dress | Fresh Drop,Discover our weekend collection. Designed for everyday style and easy gifting. #ShopSmall #StyleInspiration,0,10/31/2025 08:50,Original,https://www.facebook.com/lumacraft-studio-synthetic/posts/100098766144810,0,0,Photos,English,,,,Lifetime,2618,2785,62,55,5,2,27,19.0,8,,,,,
100098766152729,100098765432100,LumaCraft Studio,Artisan Home Decor | New Arrival,Discover our linen co-ord set. Designed for everyday style and easy gifting. #CottonLove #LumaCraft,0,06/08/2025 12:06,Original,https://www.facebook.com/lumacraft-studio-synthetic/posts/100098766152729,0,0,Photos,English,,,,Lifetime,6396,4860,192,174,9,9,64,23.0,41,,,,,
100098766160648,100098765432100,LumaCraft Studio,Minimalist Tote Bag | New Arrival,Discover our handcrafted cotton kurta set. Designed for everyday style and easy gifting. #NewDrop #FestiveEdit,0,10/21/2025 16:07,Original,https://www.facebook.com/lumacraft-studio-synthetic/posts/100098766160648,0,0,Photos,English,,,,Lifetime,2604,2043,96,91,4,1,31,11.0,20,,,,,
100098766168567,100098765432100,LumaCraft Studio,Embroidered Festive Set | Now Available,Discover our artisan home decor. Designed for everyday style and easy gifting. #NewDrop #StyleInspiration,0,11/04/2025 18:32,Original,https://www.facebook.com/lumacraft-studio-synthetic/posts/100098766168567,0,0,Photos,English,,,,Lifetime,10710,7518,294,257,21,16,108,40.0,68,,,,,
100098766176486,100098765432100,LumaCraft Studio,Everyday Cotton Saree | New Arrival,Discover our handcrafted cotton kurta set. Designed for everyday style and easy gifting. #CottonLove #CottonLove,0,05/22/2025 19:37,Original,https://www.facebook.com/lumacraft-studio-synthetic/posts/100098766176486,0,0,Photos,English,,,,Lifetime,19468,14393,859,791,41,27,182,70.0,112,,,,,
100098766184405,100098765432100,LumaCraft Studio,Minimalist Tote Bag | Now Available,Discover our weekend collection. Designed for everyday style and easy gifting. #Handmade #ShopSmall,0,11/24/2025 11:48,Original,https://www.facebook.com/lumacraft-studio-synthetic/posts/100098766184405,0,0,Photos,English,,,,Lifetime,4153,3951,170,157,7,6,48,22.0,26,,,,,
100098766192324,100098765432100,LumaCraft Studio,Everyday Cotton Saree | Now Available,Discover our handwoven stole. Designed for everyday style and easy gifting. #StyleInspiration #LumaCraft,0,04/16/2025 12:44,Original,https://www.facebook.com/lumacraft-studio-synthetic/posts/100098766192324,0,0,Photos,English,,,,Lifetime,7720,4869,279,249,19,11,49,27.0,22,,,,,
100098766200243,100098765432100,LumaCraft Studio,Printed Summer Dress | Fresh Drop,Discover our embroidered festive set. Designed for everyday style and easy gifting. #ShopSmall #StyleInspiration,0,03/29/2025 13:05,Original,https://www.facebook.com/lumacraft-studio-synthetic/posts/100098766200243,0,0,Photos,English,,,,Lifetime,7845,6828,301,275,10,16,70,22.0,48,,,,,
100098766208162,100098765432100,LumaCraft Studio,Handwoven Stole | Limited Edit,Discover our everyday cotton saree. Designed for everyday style and easy gifting. #EverydayStyle #CottonLove,0,09/07/2025 21:42,Original,https://www.facebook.com/lumacraft-studio-synthetic/posts/100098766208162,0,0,Photos,English,,,,Lifetime,24041,17490,701,627,39,35,200,106.0,94,,,,,
100098766216081,100098765432100,LumaCraft Studio,Everyday Cotton Saree | New Arrival,Discover our weekend collection. Designed for everyday style and easy gifting. #ShopSmall #EverydayStyle,32,08/21/2025 16:30,Original,https://www.facebook.com/lumacraft-studio-synthetic/posts/100098766216081,0,0,Videos,English,,,,Lifetime,17146,10256,300,252,27,21,128,,128,358351.0,20.9,,,
100098766224000,100098765432100,LumaCraft Studio,Pastel Shirt Collection | Weekend Pick,Discover our handwoven stole. Designed for everyday style and easy gifting. #LumaCraft #Handmade,0,02/21/2025 16:03,Shared,https://www.facebook.com/lumacraft-studio-synthetic/posts/100098766224000,0,0,Photos,English,,,,Lifetime,8656,7772,301,265,18,18,99,38.0,61,,,,,
100098766231919,100098765432100,LumaCraft Studio,Minimalist Tote Bag | Weekend Pick,Discover our everyday cotton saree. Designed for everyday style and easy gifting. #FestiveEdit #ShopSmall,0,10/31/2025 08:13,Shared,https://www.facebook.com/lumacraft-studio-synthetic/posts/100098766231919,0,0,Photos,English,,,,Lifetime,3284,2665,38,32,4,2,45,12.0,33,,,,,
100098766239838,100098765432100,LumaCraft Studio,Everyday Cotton Saree | New Arrival,Discover our everyday cotton saree. Designed for everyday style and easy gifting. #CottonLove #NewDrop,0,03/14/2025 17:53,Original,https://www.facebook.com/lumacraft-studio-synthetic/posts/100098766239838,0,0,Photos,English,,,,Lifetime,10487,7450,363,335,13,15,90,39.0,51,,,,,
100098766247757,100098765432100,LumaCraft Studio,Artisan Home Decor | Weekend Pick,Discover our printed summer dress. Designed for everyday style and easy gifting. #StyleInspiration #EverydayStyle,33,10/21/2025 11:22,Original,https://www.facebook.com/lumacraft-studio-synthetic/posts/100098766247757,0,0,Videos,English,,,,Lifetime,18830,10029,290,251,20,19,121,,121,299397.0,15.9,,,
100098766255676,100098765432100,LumaCraft Studio,Printed Summer Dress | Limited Edit,Discover our pastel shirt collection. Designed for everyday style and easy gifting. #LumaCraft #EverydayStyle,0,01/03/2025 12:05,Original,https://www.facebook.com/lumacraft-studio-synthetic/posts/100098766255676,0,0,Photos,English,,,,Lifetime,10461,9793,262,229,19,14,119,50.0,69,,,,,
100098766263595,100098765432100,LumaCraft Studio,Everyday Cotton Saree | Fresh Drop,Discover our embroidered festive set. Designed for everyday style and easy gifting. #EverydayStyle #NewDrop,20,10/18/2025 21:35,Original,https://www.facebook.com/lumacraft-studio-synthetic/posts/100098766263595,0,0,Videos,English,,,,Lifetime,8699,4381,182,168,6,8,42,,42,81770.0,9.4,,,
100098766271514,100098765432100,LumaCraft Studio,Handwoven Stole | Now Available,Discover our linen co-ord set. Designed for everyday style and easy gifting. #FestiveEdit #StyleInspiration,59,10/15/2025 18:27,Original,https://www.facebook.com/lumacraft-studio-synthetic/posts/100098766271514,0,0,Videos,English,,,,Lifetime,27939,17616,275,218,31,26,198,,198,639803.0,22.9,,,
100098766279433,100098765432100,LumaCraft Studio,Handwoven Stole | Now Available,Discover our pastel shirt collection. Designed for everyday style and easy gifting. #Handmade #Handmade,0,10/12/2025 17:52,Original,https://www.facebook.com/lumacraft-studio-synthetic/posts/100098766279433,0,0,Photos,English,,,,Lifetime,2345,2258,103,96,6,1,19,10.0,9,,,,,
100098766287352,100098765432100,LumaCraft Studio,Embroidered Festive Set | Now Available,Discover our artisan home decor. Designed for everyday style and easy gifting. #NewDrop #ShopSmall,0,08/31/2025 11:34,Original,https://www.facebook.com/lumacraft-studio-synthetic/posts/100098766287352,0,0,Photos,English,,,,Lifetime,32104,28731,342,234,54,54,347,142.0,205,,,,,
100098766295271,100098765432100,LumaCraft Studio,Linen Co-Ord Set | New Arrival,Discover our embroidered festive set. Designed for everyday style and easy gifting. #FestiveEdit #Handmade,0,06/22/2025 20:32,Original,https://www.facebook.com/lumacraft-studio-synthetic/posts/100098766295271,0,0,Photos,English,,,,Lifetime,30358,20711,919,823,49,47,242,105.0,137,,,,,
100098766303190,100098765432100,LumaCraft Studio,Everyday Cotton Saree | Weekend Pick,Discover our linen co-ord set. Designed for everyday style and easy gifting. #FestiveEdit #NewDrop,40,09/15/2025 16:18,Original,https://www.facebook.com/lumacraft-studio-synthetic/posts/100098766303190,0,0,Videos,English,,,,Lifetime,10364,5846,180,159,13,8,67,,67,224898.0,21.7,,,
100098766311109,100098765432100,LumaCraft Studio,Pastel Shirt Collection | Fresh Drop,Discover our everyday cotton saree. Designed for everyday style and easy gifting. #FestiveEdit #EverydayStyle,0,04/12/2025 17:15,Original,https://www.facebook.com/lumacraft-studio-synthetic/posts/100098766311109,0,0,Photos,English,,,,Lifetime,11595,7981,224,202,13,9,89,50.0,39,,,,,
100098766319028,100098765432100,LumaCraft Studio,Everyday Cotton Saree | Limited Edit,Discover our minimalist tote bag. Designed for everyday style and easy gifting. #ShopSmall #ShopSmall,28,10/12/2025 20:38,Original,https://www.facebook.com/lumacraft-studio-synthetic/posts/100098766319028,0,0,Videos,English,,,,Lifetime,28555,18940,285,219,34,32,238,,238,491146.0,17.2,5.6,1.53,3657.0
100098766326947,100098765432100,LumaCraft Studio,Minimalist Tote Bag | Weekend Pick,Discover our minimalist tote bag. Designed for everyday style and easy gifting. #Handmade #CottonLove,0,07/22/2025 11:27,Original,https://www.facebook.com/lumacraft-studio-synthetic/posts/100098766326947,0,0,Photos,English,,,,Lifetime,5144,4984,252,227,12,13,66,29.0,37,,,,,
100098766334866,100098765432100,LumaCraft Studio,Everyday Cotton Saree | Fresh Drop,Discover our handcrafted cotton kurta set. Designed for everyday style and easy gifting. #LumaCraft #LumaCraft,0,06/17/2025 14:30,Original,https://www.facebook.com/lumacraft-studio-synthetic/posts/100098766334866,0,0,Photos,English,,,,Lifetime,8104,5327,196,175,8,13,65,25.0,40,,,,,
100098766342785,100098765432100,LumaCraft Studio,Handwoven Stole | Fresh Drop,Discover our embroidered festive set. Designed for everyday style and easy gifting. #NewDrop #FestiveEdit,0,07/04/2025 15:07,Original,https://www.facebook.com/lumacraft-studio-synthetic/posts/100098766342785,0,0,Photos,English,,,,Lifetime,10805,10604,515,481,23,11,117,48.0,69,,,,,
100098766350704,100098765432100,LumaCraft Studio,Handwoven Stole | New Arrival,Discover our weekend collection. Designed for everyday style and easy gifting. #NewDrop #NewDrop,0,07/27/2025 11:07,Original,https://www.facebook.com/lumacraft-studio-synthetic/posts/100098766350704,0,0,Photos,English,,,,Lifetime,7989,7072,401,367,19,15,90,45.0,45,,,,,
100098766358623,100098765432100,LumaCraft Studio,Handcrafted Cotton Kurta Set | Weekend Pick,Discover our linen co-ord set. Designed for everyday style and easy gifting. #LumaCraft #EverydayStyle,0,01/14/2025 13:05,Original,https://www.facebook.com/lumacraft-studio-synthetic/posts/100098766358623,0,0,Photos,English,,,,Lifetime,16103,11684,560,523,22,15,127,51.0,76,,,,,
100098766366542,100098765432100,LumaCraft Studio,Embroidered Festive Set | New Arrival,Discover our linen co-ord set. Designed for everyday style and easy gifting. #ShopSmall #Handmade,0,02/21/2025 15:18,Original,https://www.facebook.com/lumacraft-studio-synthetic/posts/100098766366542,0,0,Photos,English,,,,Lifetime,9746,9206,282,251,16,15,96,39.0,57,,,,,
100098766374461,100098765432100,LumaCraft Studio,Handwoven Stole | Limited Edit,Discover our linen co-ord set. Designed for everyday style and easy gifting. #StyleInspiration #StyleInspiration,52,03/31/2025 16:24,Original,https://www.facebook.com/lumacraft-studio-synthetic/posts/100098766374461,0,0,Videos,English,,,,Lifetime,9832,6812,201,173,20,8,89,,89,296926.0,30.2,,,
100098766382380,100098765432100,LumaCraft Studio,Artisan Home Decor | Limited Edit,Discover our minimalist tote bag. Designed for everyday style and easy gifting. #LumaCraft #CottonLove,46,02/11/2025 15:38,Shared,https://www.facebook.com/lumacraft-studio-synthetic/posts/100098766382380,0,0,Videos,English,,,,Lifetime,42982,26697,1494,1386,53,55,299,,299,717799.0,16.7,,,
100098766390299,100098765432100,LumaCraft Studio,Handcrafted Cotton Kurta Set | Now Available,Discover our artisan home decor. Designed for everyday style and easy gifting. #LumaCraft #NewDrop,0,06/10/2025 15:50,Original,https://www.facebook.com/lumacraft-studio-synthetic/posts/100098766390299,0,0,Photos,English,,,,Lifetime,17696,12142,523,469,32,22,158,60.0,98,,,,,
100098766398218,100098765432100,LumaCraft Studio,Linen Co-Ord Set | Limited Edit,Discover our weekend collection. Designed for everyday style and easy gifting. #EverydayStyle #Handmade,0,09/01/2025 16:13,Original,https://www.facebook.com/lumacraft-studio-synthetic/posts/100098766398218,0,0,Photos,English,,,,Lifetime,7239,5358,285,264,13,8,66,25.0,41,,,,,
100098766406137,100098765432100,LumaCraft Studio,Handwoven Stole | Now Available,Discover our artisan home decor. Designed for everyday style and easy gifting. #Handmade #LumaCraft,0,08/27/2025 13:55,Original,https://www.facebook.com/lumacraft-studio-synthetic/posts/100098766406137,0,0,Photos,English,,,,Lifetime,17753,11030,387,351,18,18,137,62.0,75,,,,,
100098766414056,100098765432100,LumaCraft Studio,Embroidered Festive Set | New Arrival,Discover our handcrafted cotton kurta set. Designed for everyday style and easy gifting. #FestiveEdit #StyleInspiration,53,06/21/2025 15:02,Original,https://www.facebook.com/lumacraft-studio-synthetic/posts/100098766414056,0,0,Videos,English,,,,Lifetime,54222,26632,739,622,67,50,303,,303,2141769.0,39.5,25.69,1.42,18095.0
100098766421975,100098765432100,LumaCraft Studio,Pastel Shirt Collection | Limited Edit,Discover our everyday cotton saree. Designed for everyday style and easy gifting. #CottonLove #EverydayStyle,0,11/09/2025 15:08,Original,https://www.facebook.com/lumacraft-studio-synthetic/posts/100098766421975,0,0,Photos,English,,,,Lifetime,16629,17349,716,654,38,24,211,94.0,117,,,,,
100098766429894,100098765432100,LumaCraft Studio,Linen Co-Ord Set | Weekend Pick,Discover our handwoven stole. Designed for everyday style and easy gifting. #ShopSmall #ShopSmall,60,07/26/2025 16:13,Original,https://www.facebook.com/lumacraft-studio-synthetic/posts/100098766429894,0,0,Videos,English,,,,Lifetime,7874,6361,70,37,22,11,69,,69,188976.0,24.0,,,
100098766437813,100098765432100,LumaCraft Studio,Pastel Shirt Collection | Fresh Drop,Discover our minimalist tote bag. Designed for everyday style and easy gifting. #NewDrop #FestiveEdit,0,01/29/2025 16:35,Original,https://www.facebook.com/lumacraft-studio-synthetic/posts/100098766437813,0,0,Photos,English,,,,Lifetime,4447,3748,197,183,7,7,49,14.0,35,,,,,
100098766445732,100098765432100,LumaCraft Studio,Weekend Collection | New Arrival,Discover our printed summer dress. Designed for everyday style and easy gifting. #LumaCraft #FestiveEdit,0,10/07/2025 17:42,Original,https://www.facebook.com/lumacraft-studio-synthetic/posts/100098766445732,0,0,Photos,English,,,,Lifetime,2763,2725,120,110,4,6,26,17.0,9,,,,,
100098766453651,100098765432100,LumaCraft Studio,Minimalist Tote Bag | Now Available,Discover our embroidered festive set. Designed for everyday style and easy gifting. #StyleInspiration #StyleInspiration,0,07/29/2025 17:36,Original,https://www.facebook.com/lumacraft-studio-synthetic/posts/100098766453651,0,0,Photos,English,,,,Lifetime,5463,3618,108,95,4,9,27,12.0,15,,,,,
100098766461570,100098765432100,LumaCraft Studio,Handwoven Stole | Limited Edit,Discover our embroidered festive set. Designed for everyday style and easy gifting. #Handmade #NewDrop,0,08/20/2025 18:18,Original,https://www.facebook.com/lumacraft-studio-synthetic/posts/100098766461570,0,0,Photos,English,,,,Lifetime,16475,13450,590,536,32,22,164,76.0,88,,,,,
100098766469489,100098765432100,LumaCraft Studio,Weekend Collection | Weekend Pick,Discover our printed summer dress. Designed for everyday style and easy gifting. #FestiveEdit #CottonLove,34,07/26/2025 16:11,Original,https://www.facebook.com/lumacraft-studio-synthetic/posts/100098766469489,0,0,Videos,English,,,,Lifetime,11186,8881,44,15,16,13,111,,111,208059.0,18.6,,,
100098766477408,100098765432100,LumaCraft Studio,Weekend Collection | Limited Edit,Discover our embroidered festive set. Designed for everyday style and easy gifting. #CottonLove #StyleInspiration,0,07/22/2025 17:25,Original,https://www.facebook.com/lumacraft-studio-synthetic/posts/100098766477408,0,0,Photos,English,,,,Lifetime,3396,2353,107,95,6,6,27,11.0,16,,,,,
100098766485327,100098765432100,LumaCraft Studio,Pastel Shirt Collection | New Arrival,Discover our minimalist tote bag. Designed for everyday style and easy gifting. #StyleInspiration #ShopSmall,0,02/03/2025 14:57,Original,https://www.facebook.com/lumacraft-studio-synthetic/posts/100098766485327,0,0,Photos,English,,,,Lifetime,9089,8655,363,328,25,10,102,49.0,53,,,,,
100098766493246,100098765432100,LumaCraft Studio,Pastel Shirt Collection | Limited Edit,Discover our minimalist tote bag. Designed for everyday style and easy gifting. #LumaCraft #LumaCraft,15,07/24/2025 17:30,Original,https://www.facebook.com/lumacraft-studio-synthetic/posts/100098766493246,0,0,Videos,English,,,,Lifetime,19470,12431,293,244,23,26,155,,155,210276.0,10.8,4.74,1.36,3482.0
100098766501165,100098765432100,LumaCraft Studio,Handwoven Stole | Weekend Pick,Discover our pastel shirt collection. Designed for everyday style and easy gifting. #EverydayStyle #FestiveEdit,33,10/18/2025 19:07,Original,https://www.facebook.com/lumacraft-studio-synthetic/posts/100098766501165,0,0,Videos,English,,,,Lifetime,38248,24808,885,793,60,32,284,,284,822332.0,21.5,,,
100098766509084,100098765432100,LumaCraft Studio,Handcrafted Cotton Kurta Set | Weekend Pick,Discover our linen co-ord set. Designed for everyday style and easy gifting. #FestiveEdit #Handmade,35,04/21/2025 16:55,Original,https://www.facebook.com/lumacraft-studio-synthetic/posts/100098766509084,0,0,Videos,English,,,,Lifetime,12118,6247,232,203,17,12,70,,70,182981.0,15.1,,,
100098766517003,100098765432100,LumaCraft Studio,Artisan Home Decor | Weekend Pick,Discover our pastel shirt collection. Designed for everyday style and easy gifting. #LumaCraft #NewDrop,0,08/09/2025 16:16,Original,https://www.facebook.com/lumacraft-studio-synthetic/posts/100098766517003,0,0,Photos,English,,,,Lifetime,8330,8447,357,321,21,15,106,37.0,69,,,,,
100098766524922,100098765432100,LumaCraft Studio,Linen Co-Ord Set | Weekend Pick,Discover our linen co-ord set. Designed for everyday style and easy gifting. #CottonLove #StyleInspiration,0,01/12/2025 13:47,Original,https://www.facebook.com/lumacraft-studio-synthetic/posts/100098766524922,0,0,Photos,English,,,,Lifetime,28016,25425,696,593,54,49,296,117.0,179,,,,,
100098766532841,100098765432100,LumaCraft Studio,Embroidered Festive Set | Weekend Pick,Discover our artisan home decor. Designed for everyday style and easy gifting. #EverydayStyle #LumaCraft,44,05/07/2025 18:23,Original,https://www.facebook.com/lumacraft-studio-synthetic/posts/100098766532841,0,0,Videos,English,,,,Lifetime,14786,10297,309,267,23,19,146,,146,465759.0,31.5,,,
100098766540760,100098765432100,LumaCraft Studio,Handwoven Stole | New Arrival,Discover our handcrafted cotton kurta set. Designed for everyday style and easy gifting. #LumaCraft #StyleInspiration,0,06/09/2025 10:29,Original,https://www.facebook.com/lumacraft-studio-synthetic/posts/100098766540760,0,0,Photos,English,,,,Lifetime,7952,6934,160,143,12,5,88,29.0,59,,,,,
100098766548679,100098765432100,LumaCraft Studio,Weekend Collection | Limited Edit,Discover our everyday cotton saree. Designed for everyday style and easy gifting. #NewDrop #Handmade,0,12/25/2025 09:52,Shared,https://www.facebook.com/lumacraft-studio-synthetic/posts/100098766548679,0,0,Photos,English,,,,Lifetime,12395,7986,404,380,15,9,93,49.0,44,,,,,
100098766556598,100098765432100,LumaCraft Studio,Handwoven Stole | Weekend Pick,Discover our handcrafted cotton kurta set. Designed for everyday style and easy gifting. #CottonLove #Handmade,16,03/20/2025 08:50,Original,https://www.facebook.com/lumacraft-studio-synthetic/posts/100098766556598,0,0,Videos,English,,,,Lifetime,23953,19045,728,638,48,42,211,,211,158089.0,6.6,4.05,1.46,2772.0
100098766564517,100098765432100,LumaCraft Studio,Handwoven Stole | Limited Edit,Discover our everyday cotton saree. Designed for everyday style and easy gifting. #NewDrop #StyleInspiration,0,04/11/2025 13:33,Original,https://www.facebook.com/lumacraft-studio-synthetic/posts/100098766564517,0,0,Photos,English,,,,Lifetime,5323,5788,340,316,10,14,69,27.0,42,,,,,
100098766572436,100098765432100,LumaCraft Studio,Everyday Cotton Saree | Fresh Drop,Discover our printed summer dress. Designed for everyday style and easy gifting. #EverydayStyle #StyleInspiration,0,05/30/2025 11:20,Original,https://www.facebook.com/lumacraft-studio-synthetic/posts/100098766572436,0,0,Photos,English,,,,Lifetime,16085,10012,180,145,20,15,118,47.0,71,,,,,
100098766580355,100098765432100,LumaCraft Studio,Weekend Collection | Now Available,Discover our embroidered festive set. Designed for everyday style and easy gifting. #FestiveEdit #CottonLove,26,12/29/2025 13:03,Original,https://www.facebook.com/lumacraft-studio-synthetic/posts/100098766580355,0,0,Videos,English,,,,Lifetime,32541,21173,681,604,38,39,259,,259,517401.0,15.9,,,
100098766588274,100098765432100,LumaCraft Studio,Printed Summer Dress | Weekend Pick,Discover our linen co-ord set. Designed for everyday style and easy gifting. #NewDrop #EverydayStyle,0,11/08/2025 06:44,Original,https://www.facebook.com/lumacraft-studio-synthetic/posts/100098766588274,0,0,Photos,English,,,,Lifetime,3244,3683,93,84,6,3,43,24.0,19,,,,,
100098766596193,100098765432100,LumaCraft Studio,Handcrafted Cotton Kurta Set | Limited Edit,Discover our weekend collection. Designed for everyday style and easy gifting. #LumaCraft #CottonLove,0,01/13/2025 18:42,Original,https://www.facebook.com/lumacraft-studio-synthetic/posts/100098766596193,0,0,Photos,English,,,,Lifetime,2921,2062,67,57,6,4,28,9.0,19,,,,,
100098766604112,100098765432100,LumaCraft Studio,Handcrafted Cotton Kurta Set | Limited Edit,Discover our everyday cotton saree. Designed for everyday style and easy gifting. #StyleInspiration #EverydayStyle,0,03/27/2025 14:51,Original,https://www.facebook.com/lumacraft-studio-synthetic/posts/100098766604112,0,0,Photos,English,,,,Lifetime,4263,3838,119,102,10,7,45,18.0,27,,,,,
100098766612031,100098765432100,LumaCraft Studio,Everyday Cotton Saree | Limited Edit,Discover our handwoven stole. Designed for everyday style and easy gifting. #Handmade #FestiveEdit,0,10/27/2025 11:14,Original,https://www.facebook.com/lumacraft-studio-synthetic/posts/100098766612031,0,0,Photos,English,,,,Lifetime,5255,4261,203,185,7,11,59,16.0,43,,,,,
100098766619950,100098765432100,LumaCraft Studio,Everyday Cotton Saree | Limited Edit,Discover our printed summer dress. Designed for everyday style and easy gifting. #EverydayStyle #FestiveEdit,0,01/22/2025 10:36,Original,https://www.facebook.com/lumacraft-studio-synthetic/posts/100098766619950,0,0,Photos,English,,,,Lifetime,3809,3982,147,131,9,7,42,22.0,20,,,,,
100098766627869,100098765432100,LumaCraft Studio,Pastel Shirt Collection | Weekend Pick,Discover our linen co-ord set. Designed for everyday style and easy gifting. #CottonLove #CottonLove,20,11/09/2025 14:30,Shared,https://www.facebook.com/lumacraft-studio-synthetic/posts/100098766627869,0,0,Videos,English,,,,Lifetime,20876,13066,325,280,27,18,160,,160,271388.0,13.0,,,
100098766635788,100098765432100,LumaCraft Studio,Pastel Shirt Collection | Limited Edit,Discover our handwoven stole. Designed for everyday style and easy gifting. #Handmade #ShopSmall,23,04/13/2025 23:57,Original,https://www.facebook.com/lumacraft-studio-synthetic/posts/100098766635788,0,0,Videos,English,,,,Lifetime,32738,22289,647,560,53,34,291,,291,546724.0,16.7,,,
100098766643707,100098765432100,LumaCraft Studio,Weekend Collection | Fresh Drop,Discover our handwoven stole. Designed for everyday style and easy gifting. #NewDrop #FestiveEdit,0,12/01/2025 18:25,Original,https://www.facebook.com/lumacraft-studio-synthetic/posts/100098766643707,0,0,Photos,English,,,,Lifetime,11331,11116,194,158,18,18,142,68.0,74,,,,,
100098766651626,100098765432100,LumaCraft Studio,Printed Summer Dress | Now Available,Discover our embroidered festive set. Designed for everyday style and easy gifting. #ShopSmall #FestiveEdit,0,04/18/2025 17:18,Original,https://www.facebook.com/lumacraft-studio-synthetic/posts/100098766651626,0,0,Photos,English,,,,Lifetime,9148,9162,581,538,23,20,119,48.0,71,,,,,
100098766659545,100098765432100,LumaCraft Studio,Printed Summer Dress | Now Available,Discover our handwoven stole. Designed for everyday style and easy gifting. #NewDrop #ShopSmall,60,06/08/2025 17:45,Original,https://www.facebook.com/lumacraft-studio-synthetic/posts/100098766659545,0,0,Videos,English,,,,Lifetime,20532,10651,263,212,28,23,134,,134,552310.0,26.9,,,
100098766667464,100098765432100,LumaCraft Studio,Everyday Cotton Saree | Limited Edit,Discover our handcrafted cotton kurta set. Designed for everyday style and easy gifting. #StyleInspiration #EverydayStyle,0,08/30/2025 17:23,Original,https://www.facebook.com/lumacraft-studio-synthetic/posts/100098766667464,0,0,Photos,English,,,,Lifetime,2075,1712,71,68,2,1,19,6.0,13,,,,,
100098766675383,100098765432100,LumaCraft Studio,Printed Summer Dress | Now Available,Discover our everyday cotton saree. Designed for everyday style and easy gifting. #FestiveEdit #CottonLove,0,02/16/2025 06:40,Original,https://www.facebook.com/lumacraft-studio-synthetic/posts/100098766675383,0,0,Photos,English,,,,Lifetime,5650,4285,196,180,7,9,55,16.0,39,,,,,
100098766683302,100098765432100,LumaCraft Studio,Minimalist Tote Bag | Weekend Pick,Discover our embroidered festive set. Designed for everyday style and easy gifting. #CottonLove #EverydayStyle,0,07/23/2025 16:12,Original,https://www.facebook.com/lumacraft-studio-synthetic/posts/100098766683302,0,0,Photos,English,,,,Lifetime,14469,11706,525,488,21,16,141,61.0,80,,,,,
100098766691221,100098765432100,LumaCraft Studio,Artisan Home Decor | New Arrival,Discover our printed summer dress. Designed for everyday style and easy gifting. #NewDrop #NewDrop,0,07/04/2025 11:42,Original,https://www.facebook.com/lumacraft-studio-synthetic/posts/100098766691221,0,0,Photos,English,,,,Lifetime,10752,7879,382,349,18,15,109,48.0,61,,,,,
100098766699140,100098765432100,LumaCraft Studio,Pastel Shirt Collection | Limited Edit,Discover our weekend collection. Designed for everyday style and easy gifting. #EverydayStyle #EverydayStyle,0,10/14/2025 18:09,Original,https://www.facebook.com/lumacraft-studio-synthetic/posts/100098766699140,0,0,Photos,English,,,,Lifetime,10833,11596,613,562,31,20,123,53.0,70,,,,,
100098766707059,100098765432100,LumaCraft Studio,Handcrafted Cotton Kurta Set | Weekend Pick,Discover our minimalist tote bag. Designed for everyday style and easy gifting. #EverydayStyle #ShopSmall,0,12/30/2025 22:57,Original,https://www.facebook.com/lumacraft-studio-synthetic/posts/100098766707059,0,0,Photos,English,,,,Lifetime,6019,5678,169,147,13,9,68,26.0,42,,,,,
100098766714978,100098765432100,LumaCraft Studio,Pastel Shirt Collection | Weekend Pick,Discover our artisan home decor. Designed for everyday style and easy gifting. #Handmade #CottonLove,0,08/31/2025 18:33,Original,https://www.facebook.com/lumacraft-studio-synthetic/posts/100098766714978,0,0,Photos,English,,,,Lifetime,31567,38511,1771,1629,75,67,503,205.0,298,,,,,
100098766722897,100098765432100,LumaCraft Studio,Everyday Cotton Saree | Now Available,Discover our pastel shirt collection. Designed for everyday style and easy gifting. #Handmade #ShopSmall,0,05/30/2025 22:39,Original,https://www.facebook.com/lumacraft-studio-synthetic/posts/100098766722897,0,0,Photos,English,,,,Lifetime,2189,2434,82,72,6,4,29,8.0,21,,,,,
100098766730816,100098765432100,LumaCraft Studio,Embroidered Festive Set | Limited Edit,Discover our embroidered festive set. Designed for everyday style and easy gifting. #CottonLove #ShopSmall,0,05/29/2025 15:08,Original,https://www.facebook.com/lumacraft-studio-synthetic/posts/100098766730816,0,0,Photos,English,,,,Lifetime,14633,11864,571,526,26,19,144,51.0,93,,,,,
100098766738735,100098765432100,LumaCraft Studio,Minimalist Tote Bag | New Arrival,Discover our handcrafted cotton kurta set. Designed for everyday style and easy gifting. #ShopSmall #StyleInspiration,0,06/02/2025 14:19,Original,https://www.facebook.com/lumacraft-studio-synthetic/posts/100098766738735,0,0,Photos,English,,,,Lifetime,7159,7191,184,148,17,19,86,32.0,54,,,,,
100098766746654,100098765432100,LumaCraft Studio,Printed Summer Dress | New Arrival,Discover our artisan home decor. Designed for everyday style and easy gifting. #Handmade #FestiveEdit,0,10/25/2025 18:04,Original,https://www.facebook.com/lumacraft-studio-synthetic/posts/100098766746654,0,0,Photos,English,,,,Lifetime,22941,23330,487,404,50,33,287,112.0,175,,,,,
100098766754573,100098765432100,LumaCraft Studio,Pastel Shirt Collection | Now Available,Discover our handwoven stole. Designed for everyday style and easy gifting. #NewDrop #FestiveEdit,0,04/28/2025 15:28,Original,https://www.facebook.com/lumacraft-studio-synthetic/posts/100098766754573,0,0,Photos,English,,,,Lifetime,15623,16621,860,800,30,30,206,97.0,109,,,,,
100098766762492,100098765432100,LumaCraft Studio,Handwoven Stole | New Arrival,Discover our weekend collection. Designed for everyday style and easy gifting. #LumaCraft #Handmade,0,03/02/2025 11:28,Original,https://www.facebook.com/lumacraft-studio-synthetic/posts/100098766762492,0,0,Photos,English,,,,Lifetime,10539,6665,236,211,13,12,70,33.0,37,,,,,
100098766770411,100098765432100,LumaCraft Studio,Weekend Collection | Fresh Drop,Discover our minimalist tote bag. Designed for everyday style and easy gifting. #CottonLove #LumaCraft,0,05/03/2025 12:14,Original,https://www.facebook.com/lumacraft-studio-synthetic/posts/100098766770411,0,0,Photos,English,,,,Lifetime,6479,6137,393,364,19,10,51,23.0,28,,,,,
100098766778330,100098765432100,LumaCraft Studio,Pastel Shirt Collection | Limited Edit,Discover our handwoven stole. Designed for everyday style and easy gifting. #EverydayStyle #Handmade,0,01/09/2025 08:54,Original,https://www.facebook.com/lumacraft-studio-synthetic/posts/100098766778330,0,0,Photos,English,,,,Lifetime,13615,11793,458,417,21,20,149,51.0,98,,,,,
100098766786249,100098765432100,LumaCraft Studio,Linen Co-Ord Set | Weekend Pick,Discover our handwoven stole. Designed for everyday style and easy gifting. #Handmade #StyleInspiration,0,02/08/2025 12:11,Original,https://www.facebook.com/lumacraft-studio-synthetic/posts/100098766786249,0,0,Photos,English,,,,Lifetime,13704,14533,509,451,32,26,165,79.0,86,,,,,
100098766794168,100098765432100,LumaCraft Studio,Handwoven Stole | Weekend Pick,Discover our minimalist tote bag. Designed for everyday style and easy gifting. #CottonLove #CottonLove,54,02/02/2025 15:17,Original,https://www.facebook.com/lumacraft-studio-synthetic/posts/100098766794168,0,0,Videos,English,,,,Lifetime,29595,17189,642,578,46,18,206,,206,822741.0,27.8,,,
100098766802087,100098765432100,LumaCraft Studio,Embroidered Festive Set | Now Available,Discover our weekend collection. Designed for everyday style and easy gifting. #CottonLove #ShopSmall,0,10/09/2025 16:43,Shared,https://www.facebook.com/lumacraft-studio-synthetic/posts/100098766802087,0,0,Photos,English,,,,Lifetime,6027,6312,282,258,12,12,78,31.0,47,,,,,
100098766810006,100098765432100,LumaCraft Studio,Minimalist Tote Bag | Weekend Pick,Discover our printed summer dress. Designed for everyday style and easy gifting. #StyleInspiration #StyleInspiration,60,09/21/2025 09:29,Original,https://www.facebook.com/lumacraft-studio-synthetic/posts/100098766810006,0,0,Videos,English,,,,Lifetime,47912,30548,1487,1366,70,51,355,,355,1437360.0,30.0,,,
100098766817925,100098765432100,LumaCraft Studio,Printed Summer Dress | Limited Edit,Discover our linen co-ord set. Designed for everyday style and easy gifting. #ShopSmall #EverydayStyle,26,09/12/2025 12:50,Original,https://www.facebook.com/lumacraft-studio-synthetic/posts/100098766817925,0,0,Videos,English,,,,Lifetime,13691,11276,436,392,22,22,106,,106,191674.0,14.0,,,
100098766825844,100098765432100,LumaCraft Studio,Weekend Collection | Limited Edit,Discover our weekend collection. Designed for everyday style and easy gifting. #StyleInspiration #CottonLove,0,06/18/2025 17:50,Original,https://www.facebook.com/lumacraft-studio-synthetic/posts/100098766825844,0,0,Photos,English,,,,Lifetime,2317,2280,52,43,6,3,31,13.0,18,,,,,
100098766833763,100098765432100,LumaCraft Studio,Pastel Shirt Collection | Now Available,Discover our linen co-ord set. Designed for everyday style and easy gifting. #NewDrop #EverydayStyle,0,09/19/2025 17:24,Original,https://www.facebook.com/lumacraft-studio-synthetic/posts/100098766833763,0,0,Photos,English,,,,Lifetime,8239,5449,110,86,11,13,68,30.0,38,,,,,
100098766841682,100098765432100,LumaCraft Studio,Artisan Home Decor | Limited Edit,Discover our embroidered festive set. Designed for everyday style and easy gifting. #CottonLove #ShopSmall,15,02/28/2025 18:40,Original,https://www.facebook.com/lumacraft-studio-synthetic/posts/100098766841682,0,0,Videos,English,,,,Lifetime,14826,8260,116,83,22,11,118,,118,118608.0,8.0,,,
100098766849601,100098765432100,LumaCraft Studio,Everyday Cotton Saree | Limited Edit,Discover our artisan home decor. Designed for everyday style and easy gifting. #ShopSmall #Handmade,0,11/25/2025 08:43,Original,https://www.facebook.com/lumacraft-studio-synthetic/posts/100098766849601,0,0,Photos,English,,,,Lifetime,11139,8191,245,221,14,10,105,34.0,71,,,,,
100098766857520,100098765432100,LumaCraft Studio,Handcrafted Cotton Kurta Set | Fresh Drop,Discover our handcrafted cotton kurta set. Designed for everyday style and easy gifting. #StyleInspiration #CottonLove,0,07/02/2025 16:21,Original,https://www.facebook.com/lumacraft-studio-synthetic/posts/100098766857520,0,0,Photos,English,,,,Lifetime,3152,2899,169,163,3,3,46,21.0,25,,,,,
100098766865439,100098765432100,LumaCraft Studio,Handwoven Stole | Fresh Drop,Discover our artisan home decor. Designed for everyday style and easy gifting. #StyleInspiration #Handmade,0,12/09/2025 14:55,Original,https://www.facebook.com/lumacraft-studio-synthetic/posts/100098766865439,0,0,Photos,English,,,,Lifetime,15097,17225,464,389,51,24,222,110.0,112,,,,,
100098766873358,100098765432100,LumaCraft Studio,Pastel Shirt Collection | Now Available,Discover our printed summer dress. Designed for everyday style and easy gifting. #LumaCraft #Handmade,0,02/25/2025 15:50,Original,https://www.facebook.com/lumacraft-studio-synthetic/posts/100098766873358,0,0,Photos,English,,,,Lifetime,5896,5704,363,338,13,12,52,21.0,31,,,,,
100098766881277,100098765432100,LumaCraft Studio,Artisan Home Decor | Fresh Drop,Discover our weekend collection. Designed for everyday style and easy gifting. #CottonLove #ShopSmall,0,07/01/2025 18:41,Original,https://www.facebook.com/lumacraft-studio-synthetic/posts/100098766881277,0,0,Photos,English,,,,Lifetime,13623,12980,481,441,23,17,154,62.0,92,,,,,
100098766889196,100098765432100,LumaCraft Studio,Printed Summer Dress | New Arrival,Discover our minimalist tote bag. Designed for everyday style and easy gifting. #Handmade #CottonLove,22,09/12/2025 16:51,Original,https://www.facebook.com/lumacraft-studio-synthetic/posts/100098766889196,0,0,Videos,English,,,,Lifetime,11881,6483,231,204,11,16,102,,102,148512.0,12.5,12.1,4.09,2958.0
100098766897115,100098765432100,LumaCraft Studio,Handwoven Stole | New Arrival,Discover our everyday cotton saree. Designed for everyday style and easy gifting. #NewDrop #StyleInspiration,21,06/30/2025 19:18,Original,https://www.facebook.com/lumacraft-studio-synthetic/posts/100098766897115,0,0,Videos,English,,,,Lifetime,22280,13844,637,591,22,24,148,,148,278500.0,12.5,,,
100098766905034,100098765432100,LumaCraft Studio,Everyday Cotton Saree | Fresh Drop,Discover our printed summer dress. Designed for everyday style and easy gifting. #EverydayStyle #StyleInspiration,0,06/12/2025 19:35,Original,https://www.facebook.com/lumacraft-studio-synthetic/posts/100098766905034,0,0,Photos,English,,,,Lifetime,11397,8588,393,364,16,13,104,50.0,54,,,,,
100098766912953,100098765432100,LumaCraft Studio,Embroidered Festive Set | Fresh Drop,Discover our embroidered festive set. Designed for everyday style and easy gifting. #EverydayStyle #NewDrop,25,03/02/2025 14:34,Original,https://www.facebook.com/lumacraft-studio-synthetic/posts/100098766912953,0,0,Videos,English,,,,Lifetime,13529,7801,372,338,18,16,87,,87,246227.0,18.2,,,
100098766920872,100098765432100,LumaCraft Studio,Handwoven Stole | Now Available,Discover our pastel shirt collection. Designed for everyday style and easy gifting. #StyleInspiration #FestiveEdit,0,05/20/2025 16:29,Original,https://www.facebook.com/lumacraft-studio-synthetic/posts/100098766920872,0,0,Photos,English,,,,Lifetime,3889,3635,236,227,6,3,52,20.0,32,,,,,
100098766928791,100098765432100,LumaCraft Studio,Printed Summer Dress | Limited Edit,Discover our minimalist tote bag. Designed for everyday style and easy gifting. #LumaCraft #ShopSmall,41,03/29/2025 10:01,Original,https://www.facebook.com/lumacraft-studio-synthetic/posts/100098766928791,0,0,Videos,English,,,,Lifetime,20679,10488,207,164,24,19,123,,123,527314.0,25.5,,,
100098766936710,100098765432100,LumaCraft Studio,Linen Co-Ord Set | Limited Edit,Discover our handcrafted cotton kurta set. Designed for everyday style and easy gifting. #CottonLove #ShopSmall,0,04/21/2025 19:23,Original,https://www.facebook.com/lumacraft-studio-synthetic/posts/100098766936710,0,0,Photos,English,,,,Lifetime,24208,19929,998,918,45,35,229,103.0,126,,,,,
100098766944629,100098765432100,LumaCraft Studio,Handwoven Stole | New Arrival,Discover our pastel shirt collection. Designed for everyday style and easy gifting. #StyleInspiration #LumaCraft,23,09/07/2025 17:23,Original,https://www.facebook.com/lumacraft-studio-synthetic/posts/100098766944629,0,0,Videos,English,,,,Lifetime,5580,3914,9,0,5,4,50,,50,66402.0,11.9,,,
100098766952548,100098765432100,LumaCraft Studio,Minimalist Tote Bag | Weekend Pick,Discover our printed summer dress. Designed for everyday style and easy gifting. #FestiveEdit #ShopSmall,51,08/19/2025 14:10,Original,https://www.facebook.com/lumacraft-studio-synthetic/posts/100098766952548,0,0,Videos,English,,,,Lifetime,20558,11137,140,105,16,19,129,,129,427606.0,20.8,,,
100098766960467,100098765432100,LumaCraft Studio,Pastel Shirt Collection | Now Available,Discover our minimalist tote bag. Designed for everyday style and easy gifting. #NewDrop #EverydayStyle,0,08/10/2025 12:15,Shared,https://www.facebook.com/lumacraft-studio-synthetic/posts/100098766960467,0,0,Photos,English,,,,Lifetime,12553,10340,323,272,26,25,136,61.0,75,,,,,
100098766968386,100098765432100,LumaCraft Studio,Weekend Collection | Now Available,Discover our linen co-ord set. Designed for everyday style and easy gifting. #ShopSmall #Handmade,0,05/13/2025 20:01,Original,https://www.facebook.com/lumacraft-studio-synthetic/posts/100098766968386,0,0,Photos,English,,,,Lifetime,21843,17593,1040,968,47,25,208,70.0,138,,,,,
100098766976305,100098765432100,LumaCraft Studio,Minimalist Tote Bag | Limited Edit,Discover our artisan home decor. Designed for everyday style and easy gifting. #CottonLove #LumaCraft,43,12/17/2025 15:25,Shared,https://www.facebook.com/lumacraft-studio-synthetic/posts/100098766976305,0,0,Videos,English,,,,Lifetime,16832,8043,494,465,11,18,94,,94,493177.0,29.3,,,
100098766984224,100098765432100,LumaCraft Studio,Handwoven Stole | New Arrival,Discover our handwoven stole. Designed for everyday style and easy gifting. #CottonLove #CottonLove,0,02/01/2025 16:18,Original,https://www.facebook.com/lumacraft-studio-synthetic/posts/100098766984224,0,0,Photos,English,,,,Lifetime,3576,3600,163,147,5,11,58,16.0,42,,,,,
100098766992143,100098765432100,LumaCraft Studio,Weekend Collection | Fresh Drop,Discover our artisan home decor. Designed for everyday style and easy gifting. #EverydayStyle #FestiveEdit,0,05/06/2025 06:24,Original,https://www.facebook.com/lumacraft-studio-synthetic/posts/100098766992143,0,0,Photos,English,,,,Lifetime,6070,6858,209,183,18,8,75,34.0,41,,,,,
100098767000062,100098765432100,LumaCraft Studio,Embroidered Festive Set | Fresh Drop,Discover our weekend collection. Designed for everyday style and easy gifting. #CottonLove #ShopSmall,23,02/13/2025 17:16,Original,https://www.facebook.com/lumacraft-studio-synthetic/posts/100098767000062,0,0,Videos,English,,,,Lifetime,20766,11575,431,386,21,24,147,,147,344715.0,16.6,,,
100098767007981,100098765432100,LumaCraft Studio,Everyday Cotton Saree | Limited Edit,Discover our handwoven stole. Designed for everyday style and easy gifting. #EverydayStyle #StyleInspiration,0,05/04/2025 17:42,Original,https://www.facebook.com/lumacraft-studio-synthetic/posts/100098767007981,0,0,Photos,English,,,,Lifetime,7745,6078,292,269,17,6,80,31.0,49,,,,,
100098767015900,100098765432100,LumaCraft Studio,Minimalist Tote Bag | Now Available,Discover our everyday cotton saree. Designed for everyday style and easy gifting. #EverydayStyle #EverydayStyle,0,12/18/2025 17:58,Original,https://www.facebook.com/lumacraft-studio-synthetic/posts/100098767015900,0,0,Photos,English,,,,Lifetime,11102,8036,303,263,21,19,104,29.0,75,,,,,
100098767023819,100098765432100,LumaCraft Studio,Pastel Shirt Collection | Limited Edit,Discover our pastel shirt collection. Designed for everyday style and easy gifting. #StyleInspiration #FestiveEdit,0,05/14/2025 15:59,Original,https://www.facebook.com/lumacraft-studio-synthetic/posts/100098767023819,0,0,Photos,English,,,,Lifetime,7556,6996,200,171,20,9,73,30.0,43,,,,,
100098767031738,100098765432100,LumaCraft Studio,Linen Co-Ord Set | Limited Edit,Discover our linen co-ord set. Designed for everyday style and easy gifting. #ShopSmall #FestiveEdit,0,11/28/2025 19:45,Original,https://www.facebook.com/lumacraft-studio-synthetic/posts/100098767031738,0,0,Photos,English,,,,Lifetime,44901,35629,1138,985,90,63,420,169.0,251,,,,,
100098767039657,100098765432100,LumaCraft Studio,Weekend Collection | Now Available,Discover our minimalist tote bag. Designed for everyday style and easy gifting. #StyleInspiration #EverydayStyle,58,06/30/2025 17:17,Original,https://www.facebook.com/lumacraft-studio-synthetic/posts/100098767039657,0,0,Videos,English,,,,Lifetime,2593,1234,13,12,0,1,19,,19,91532.0,35.3,2.39,3.62,659.0
100098767047576,100098765432100,LumaCraft Studio,Printed Summer Dress | Limited Edit,Discover our linen co-ord set. Designed for everyday style and easy gifting. #LumaCraft #FestiveEdit,0,09/13/2025 18:57,Original,https://www.facebook.com/lumacraft-studio-synthetic/posts/100098767047576,0,0,Photos,English,,,,Lifetime,27339,22352,868,790,42,36,249,111.0,138,,,,,
100098767055495,100098765432100,LumaCraft Studio,Minimalist Tote Bag | New Arrival,Discover our handwoven stole. Designed for everyday style and easy gifting. #CottonLove #Handmade,0,06/16/2025 19:04,Original,https://www.facebook.com/lumacraft-studio-synthetic/posts/100098767055495,0,0,Photos,English,,,,Lifetime,19298,17487,295,230,38,27,226,88.0,138,,,,,
100098767063414,100098765432100,LumaCraft Studio,Linen Co-Ord Set | Now Available,Discover our weekend collection. Designed for everyday style and easy gifting. #EverydayStyle #LumaCraft,0,04/08/2025 17:06,Original,https://www.facebook.com/lumacraft-studio-synthetic/posts/100098767063414,0,0,Photos,English,,,,Lifetime,7987,7322,249,225,11,13,92,33.0,59,,,,,
100098767071333,100098765432100,LumaCraft Studio,Pastel Shirt Collection | Weekend Pick,Discover our handwoven stole. Designed for everyday style and easy gifting. #ShopSmall #NewDrop,17,10/06/2025 15:38,Original,https://www.facebook.com/lumacraft-studio-synthetic/posts/100098767071333,0,0,Videos,English,,,,Lifetime,16825,11174,270,232,21,17,121,,121,222090.0,13.2,,,
100098767079252,100098765432100,LumaCraft Studio,Linen Co-Ord Set | New Arrival,Discover our minimalist tote bag. Designed for everyday style and easy gifting. #FestiveEdit #EverydayStyle,0,12/20/2025 17:33,Original,https://www.facebook.com/lumacraft-studio-synthetic/posts/100098767079252,0,0,Photos,English,,,,Lifetime,21172,18103,801,722,43,36,199,65.0,134,,,,,
100098767087171,100098765432100,LumaCraft Studio,Embroidered Festive Set | Weekend Pick,Discover our handcrafted cotton kurta set. Designed for everyday style and easy gifting. #LumaCraft #NewDrop,60,04/07/2025 21:06,Original,https://www.facebook.com/lumacraft-studio-synthetic/posts/100098767087171,0,0,Videos,English,,,,Lifetime,38895,23650,637,544,50,43,292,,292,1127955.0,29.0,,,
100098767095090,100098765432100,LumaCraft Studio,Everyday Cotton Saree | Weekend Pick,Discover our linen co-ord set. Designed for everyday style and easy gifting. #LumaCraft #FestiveEdit,56,10/12/2025 13:59,Original,https://www.facebook.com/lumacraft-studio-synthetic/posts/100098767095090,0,0,Videos,English,,,,Lifetime,12619,9464,336,288,19,29,122,,122,411379.0,32.6,,,
100098767103009,100098765432100,LumaCraft Studio,Minimalist Tote Bag | Now Available,Discover our minimalist tote bag. Designed for everyday style and easy gifting. #ShopSmall #CottonLove,17,04/06/2025 17:58,Original,https://www.facebook.com/lumacraft-studio-synthetic/posts/100098767103009,0,0,Videos,English,,,,Lifetime,21242,13763,438,379,42,17,168,,168,252779.0,11.9,,,
100098767110928,100098765432100,LumaCraft Studio,Artisan Home Decor | Weekend Pick,Discover our linen co-ord set. Designed for everyday style and easy gifting. #StyleInspiration #CottonLove,38,09/19/2025 14:44,Original,https://www.facebook.com/lumacraft-studio-synthetic/posts/100098767110928,0,0,Videos,English,,,,Lifetime,10280,8224,105,67,20,18,85,,85,296064.0,28.8,,,
100098767118847,100098765432100,LumaCraft Studio,Pastel Shirt Collection | Fresh Drop,Discover our linen co-ord set. Designed for everyday style and easy gifting. #Handmade #LumaCraft,57,10/15/2025 10:17,Original,https://www.facebook.com/lumacraft-studio-synthetic/posts/100098767118847,0,0,Videos,English,,,,Lifetime,17230,8417,427,392,13,22,97,,97,713322.0,41.4,,,
100098767126766,100098765432100,LumaCraft Studio,Weekend Collection | Now Available,Discover our everyday cotton saree. Designed for everyday style and easy gifting. #NewDrop #EverydayStyle,17,06/14/2025 18:02,Original,https://www.facebook.com/lumacraft-studio-synthetic/posts/100098767126766,0,0,Videos,English,,,,Lifetime,73727,46342,1509,1326,103,80,539,,539,560325.0,7.6,10.92,1.64,6659.0
100098767134685,100098765432100,LumaCraft Studio,Artisan Home Decor | Fresh Drop,Discover our weekend collection. Designed for everyday style and easy gifting. #LumaCraft #LumaCraft,0,09/26/2025 15:52,Original,https://www.facebook.com/lumacraft-studio-synthetic/posts/100098767134685,0,0,Photos,English,,,,Lifetime,13510,9362,408,378,15,15,112,42.0,70,,,,,
100098767142604,100098765432100,LumaCraft Studio,Handwoven Stole | Weekend Pick,Discover our minimalist tote bag. Designed for everyday style and easy gifting. #StyleInspiration #LumaCraft,26,04/10/2025 15:59,Original,https://www.facebook.com/lumacraft-studio-synthetic/posts/100098767142604,0,0,Videos,English,,,,Lifetime,32564,17132,548,475,35,38,181,,181,423332.0,13.0,,,
100098767150523,100098765432100,LumaCraft Studio,Printed Summer Dress | Weekend Pick,Discover our pastel shirt collection. Designed for everyday style and easy gifting. #StyleInspiration #ShopSmall,0,01/29/2025 21:14,Shared,https://www.facebook.com/lumacraft-studio-synthetic/posts/100098767150523,0,0,Photos,English,,,,Lifetime,22517,20698,978,897,43,38,229,94.0,135,,,,,
100098767158442,100098765432100,LumaCraft Studio,Weekend Collection | Limited Edit,Discover our handcrafted cotton kurta set. Designed for everyday style and easy gifting. #NewDrop #LumaCraft,0,02/05/2025 18:24,Original,https://www.facebook.com/lumacraft-studio-synthetic/posts/100098767158442,0,0,Photos,English,,,,Lifetime,14330,11762,355,299,24,32,151,49.0,102,,,,,
100098767166361,100098765432100,LumaCraft Studio,Embroidered Festive Set | Now Available,Discover our printed summer dress. Designed for everyday style and easy gifting. #Handmade #Handmade,30,06/13/2025 09:13,Original,https://www.facebook.com/lumacraft-studio-synthetic/posts/100098767166361,0,0,Videos,English,,,,Lifetime,10534,7447,369,342,13,14,83,,83,144315.0,13.7,,,
100098767174280,100098765432100,LumaCraft Studio,Pastel Shirt Collection | Weekend Pick,Discover our artisan home decor. Designed for everyday style and easy gifting. #FestiveEdit #CottonLove,52,11/26/2025 18:33,Original,https://www.facebook.com/lumacraft-studio-synthetic/posts/100098767174280,0,0,Videos,English,,,,Lifetime,17551,12061,411,370,18,23,155,,155,601999.0,34.3,,,
100098767182199,100098765432100,LumaCraft Studio,Handwoven Stole | Now Available,Discover our pastel shirt collection. Designed for everyday style and easy gifting. #StyleInspiration #ShopSmall,30,02/16/2025 20:26,Original,https://www.facebook.com/lumacraft-studio-synthetic/posts/100098767182199,0,0,Videos,English,,,,Lifetime,30043,23136,952,859,55,38,302,,302,585838.0,19.5,,,
100098767190118,100098765432100,LumaCraft Studio,Artisan Home Decor | New Arrival,Discover our minimalist tote bag. Designed for everyday style and easy gifting. #StyleInspiration #CottonLove,0,06/16/2025 07:49,Original,https://www.facebook.com/lumacraft-studio-synthetic/posts/100098767190118,0,0,Photos,English,,,,Lifetime,6585,5375,69,46,14,9,67,33.0,34,,,,,
100098767198037,100098765432100,LumaCraft Studio,Handcrafted Cotton Kurta Set | Weekend Pick,Discover our handcrafted cotton kurta set. Designed for everyday style and easy gifting. #NewDrop #CottonLove,0,09/14/2025 14:57,Original,https://www.facebook.com/lumacraft-studio-synthetic/posts/100098767198037,0,0,Photos,English,,,,Lifetime,5268,5897,371,347,13,11,60,28.0,32,,,,,
100098767205956,100098765432100,LumaCraft Studio,Handwoven Stole | New Arrival,Discover our artisan home decor. Designed for everyday style and easy gifting. #StyleInspiration #NewDrop,0,03/15/2025 10:02,Original,https://www.facebook.com/lumacraft-studio-synthetic/posts/100098767205956,0,0,Photos,English,,,,Lifetime,12286,11409,535,487,28,20,126,48.0,78,,,,,
100098767213875,100098765432100,LumaCraft Studio,Embroidered Festive Set | New Arrival,Discover our artisan home decor. Designed for everyday style and easy gifting. #NewDrop #NewDrop,0,09/21/2025 17:45,Original,https://www.facebook.com/lumacraft-studio-synthetic/posts/100098767213875,0,0,Photos,English,,,,Lifetime,2850,2247,95,88,2,5,21,12.0,9,,,,,
100098767221794,100098765432100,LumaCraft Studio,Embroidered Festive Set | Weekend Pick,Discover our linen co-ord set. Designed for everyday style and easy gifting. #LumaCraft #NewDrop,0,04/22/2025 18:42,Original,https://www.facebook.com/lumacraft-studio-synthetic/posts/100098767221794,0,0,Photos,English,,,,Lifetime,48727,33339,1176,1061,61,54,375,175.0,200,,,,,
100098767229713,100098765432100,LumaCraft Studio,Artisan Home Decor | Fresh Drop,Discover our weekend collection. Designed for everyday style and easy gifting. #Handmade #Handmade,0,10/23/2025 19:44,Original,https://www.facebook.com/lumacraft-studio-synthetic/posts/100098767229713,0,0,Photos,English,,,,Lifetime,10341,8228,419,381,21,17,92,42.0,50,,,,,
100098767237632,100098765432100,LumaCraft Studio,Embroidered Festive Set | Now Available,Discover our artisan home decor. Designed for everyday style and easy gifting. #LumaCraft #LumaCraft,0,07/31/2025 18:44,Original,https://www.facebook.com/lumacraft-studio-synthetic/posts/100098767237632,0,0,Photos,English,,,,Lifetime,38288,25774,1608,1508,47,53,293,129.0,164,,,,,
100098767245551,100098765432100,LumaCraft Studio,Handwoven Stole | Weekend Pick,Discover our everyday cotton saree. Designed for everyday style and easy gifting. #FestiveEdit #EverydayStyle,60,07/19/2025 08:54,Original,https://www.facebook.com/lumacraft-studio-synthetic/posts/100098767245551,0,0,Videos,English,,,,Lifetime,41864,23315,477,363,68,46,281,,281,1289411.0,30.8,,,
100098767253470,100098765432100,LumaCraft Studio,Printed Summer Dress | Limited Edit,Discover our linen co-ord set. Designed for everyday style and easy gifting. #ShopSmall #CottonLove,0,03/06/2025 17:14,Original,https://www.facebook.com/lumacraft-studio-synthetic/posts/100098767253470,0,0,Photos,English,,,,Lifetime,1753,1917,115,106,5,4,22,17.0,5,,,,,
100098767261389,100098765432100,LumaCraft Studio,Minimalist Tote Bag | Now Available,Discover our linen co-ord set. Designed for everyday style and easy gifting. #CottonLove #Handmade,45,06/19/2025 19:26,Original,https://www.facebook.com/lumacraft-studio-synthetic/posts/100098767261389,0,0,Videos,English,,,,Lifetime,13945,10763,257,220,20,17,122,,122,422533.0,30.3,9.32,2.11,4419.0
100098767269308,100098765432100,LumaCraft Studio,Artisan Home Decor | New Arrival,Discover our embroidered festive set. Designed for everyday style and easy gifting. #NewDrop #LumaCraft,0,11/09/2025 16:00,Original,https://www.facebook.com/lumacraft-studio-synthetic/posts/100098767269308,0,0,Photos,English,,,,Lifetime,8241,8153,317,286,15,16,107,42.0,65,,,,,
100098767277227,100098765432100,LumaCraft Studio,Handcrafted Cotton Kurta Set | New Arrival,Discover our artisan home decor. Designed for everyday style and easy gifting. #EverydayStyle #FestiveEdit,0,01/08/2025 17:31,Original,https://www.facebook.com/lumacraft-studio-synthetic/posts/100098767277227,0,0,Photos,English,,,,Lifetime,13732,9570,275,236,23,16,116,47.0,69,,,,,
100098767285146,100098765432100,LumaCraft Studio,Handwoven Stole | Fresh Drop,Discover our linen co-ord set. Designed for everyday style and easy gifting. #EverydayStyle #CottonLove,0,10/04/2025 14:01,Original,https://www.facebook.com/lumacraft-studio-synthetic/posts/100098767285146,0,0,Photos,English,,,,Lifetime,8137,6378,193,173,13,7,75,41.0,34,,,,,
100098767293065,100098765432100,LumaCraft Studio,Embroidered Festive Set | New Arrival,Discover our printed summer dress. Designed for everyday style and easy gifting. #ShopSmall #StyleInspiration,0,06/29/2025 19:36,Original,https://www.facebook.com/lumacraft-studio-synthetic/posts/100098767293065,0,0,Photos,English,,,,Lifetime,29027,23371,1632,1539,59,34,279,126.0,153,,,,,
100098767300984,100098765432100,LumaCraft Studio,Handcrafted Cotton Kurta Set | Limited Edit,Discover our everyday cotton saree. Designed for everyday style and easy gifting. #CottonLove #Handmade,26,09/20/2025 12:40,Original,https://www.facebook.com/lumacraft-studio-synthetic/posts/100098767300984,0,0,Videos,English,,,,Lifetime,14971,8757,144,113,19,12,112,,112,258998.0,17.3,,,
100098767308903,100098765432100,LumaCraft Studio,Weekend Collection | Weekend Pick,Discover our pastel shirt collection. Designed for everyday style and easy gifting. #FestiveEdit #LumaCraft,0,08/31/2025 19:31,Original,https://www.facebook.com/lumacraft-studio-synthetic/posts/100098767308903,0,0,Photos,English,,,,Lifetime,11742,10224,465,427,16,22,114,57.0,57,,,,,
100098767316822,100098765432100,LumaCraft Studio,Weekend Collection | New Arrival,Discover our embroidered festive set. Designed for everyday style and easy gifting. #NewDrop #EverydayStyle,0,06/07/2025 19:20,Shared,https://www.facebook.com/lumacraft-studio-synthetic/posts/100098767316822,0,0,Photos,English,,,,Lifetime,19062,14465,1011,951,28,32,189,71.0,118,,,,,
100098767324741,100098765432100,LumaCraft Studio,Handcrafted Cotton Kurta Set | Limited Edit,Discover our handwoven stole. Designed for everyday style and easy gifting. #FestiveEdit #ShopSmall,44,04/23/2025 13:42,Shared,https://www.facebook.com/lumacraft-studio-synthetic/posts/100098767324741,0,0,Videos,English,,,,Lifetime,10308,6054,172,151,14,7,79,,79,199975.0,19.4,,,
100098767332660,100098765432100,LumaCraft Studio,Weekend Collection | Limited Edit,Discover our handcrafted cotton kurta set. Designed for everyday style and easy gifting. #EverydayStyle #ShopSmall,49,08/17/2025 14:35,Shared,https://www.facebook.com/lumacraft-studio-synthetic/posts/100098767332660,0,0,Videos,English,,,,Lifetime,20870,18552,809,758,30,21,206,,206,751320.0,36.0,,,
100098767340579,100098765432100,LumaCraft Studio,Handwoven Stole | New Arrival,Discover our minimalist tote bag. Designed for everyday style and easy gifting. #ShopSmall #FestiveEdit,0,02/21/2025 13:32,Original,https://www.facebook.com/lumacraft-studio-synthetic/posts/100098767340579,0,0,Photos,English,,,,Lifetime,11079,10819,303,262,25,16,110,51.0,59,,,,,
100098767348498,100098765432100,LumaCraft Studio,Printed Summer Dress | Fresh Drop,Discover our handwoven stole. Designed for everyday style and easy gifting. #Handmade #StyleInspiration,0,08/02/2025 12:53,Original,https://www.facebook.com/lumacraft-studio-synthetic/posts/100098767348498,0,0,Photos,English,,,,Lifetime,15502,17445,834,761,42,31,231,88.0,143,,,,,
100098767356417,100098765432100,LumaCraft Studio,Handwoven Stole | Fresh Drop,Discover our pastel shirt collection. Designed for everyday style and easy gifting. #FestiveEdit #StyleInspiration,0,02/04/2025 09:40,Original,https://www.facebook.com/lumacraft-studio-synthetic/posts/100098767356417,0,0,Photos,English,,,,Lifetime,15663,12291,442,383,33,26,147,71.0,76,,,,,
100098767364336,100098765432100,LumaCraft Studio,Everyday Cotton Saree | Limited Edit,Discover our pastel shirt collection. Designed for everyday style and easy gifting. #StyleInspiration #Handmade,0,08/26/2025 17:20,Original,https://www.facebook.com/lumacraft-studio-synthetic/posts/100098767364336,0,0,Photos,English,,,,Lifetime,9060,9170,378,342,17,19,123,36.0,87,,,,,
100098767372255,100098765432100,LumaCraft Studio,Printed Summer Dress | Weekend Pick,Discover our weekend collection. Designed for everyday style and easy gifting. #FestiveEdit #EverydayStyle,0,08/18/2025 18:32,Original,https://www.facebook.com/lumacraft-studio-synthetic/posts/100098767372255,0,0,Photos,English,,,,Lifetime,42429,28466,959,841,72,46,329,140.0,189,,,,,
100098767380174,100098765432100,LumaCraft Studio,Minimalist Tote Bag | Now Available,Discover our artisan home decor. Designed for everyday style and easy gifting. #EverydayStyle #NewDrop,0,01/31/2025 13:59,Original,https://www.facebook.com/lumacraft-studio-synthetic/posts/100098767380174,0,0,Photos,English,,,,Lifetime,20096,14703,585,528,34,23,184,71.0,113,,,,,
100098767388093,100098765432100,LumaCraft Studio,Linen Co-Ord Set | Limited Edit,Discover our pastel shirt collection. Designed for everyday style and easy gifting. #ShopSmall #EverydayStyle,51,10/04/2025 15:32,Original,https://www.facebook.com/lumacraft-studio-synthetic/posts/100098767388093,0,0,Videos,English,,,,Lifetime,13734,11432,343,286,34,23,138,,138,373564.0,27.2,,,
100098767396012,100098765432100,LumaCraft Studio,Handwoven Stole | Now Available,Discover our handcrafted cotton kurta set. Designed for everyday style and easy gifting. #NewDrop #Handmade,0,06/01/2025 16:08,Original,https://www.facebook.com/lumacraft-studio-synthetic/posts/100098767396012,0,0,Photos,English,,,,Lifetime,8603,6117,302,277,17,8,70,31.0,39,,,,,
100098767403931,100098765432100,LumaCraft Studio,Everyday Cotton Saree | Limited Edit,Discover our weekend collection. Designed for everyday style and easy gifting. #LumaCraft #LumaCraft,0,10/15/2025 23:51,Original,https://www.facebook.com/lumacraft-studio-synthetic/posts/100098767403931,0,0,Photos,English,,,,Lifetime,3700,3065,116,102,9,5,41,12.0,29,,,,,
100098767411850,100098765432100,LumaCraft Studio,Printed Summer Dress | Fresh Drop,Discover our linen co-ord set. Designed for everyday style and easy gifting. #CottonLove #LumaCraft,0,01/16/2025 16:42,Original,https://www.facebook.com/lumacraft-studio-synthetic/posts/100098767411850,0,0,Photos,English,,,,Lifetime,2535,2602,54,42,5,7,24,12.0,12,,,,,
100098767419769,100098765432100,LumaCraft Studio,Minimalist Tote Bag | New Arrival,Discover our embroidered festive set. Designed for everyday style and easy gifting. #Handmade #LumaCraft,50,03/07/2025 14:29,Original,https://www.facebook.com/lumacraft-studio-synthetic/posts/100098767419769,0,0,Videos,English,,,,Lifetime,19829,9872,472,415,38,19,113,,113,386665.0,19.5,14.28,2.94,4856.0
100098767427688,100098765432100,LumaCraft Studio,Handcrafted Cotton Kurta Set | Fresh Drop,Discover our minimalist tote bag. Designed for everyday style and easy gifting. #EverydayStyle #ShopSmall,0,06/30/2025 15:54,Original,https://www.facebook.com/lumacraft-studio-synthetic/posts/100098767427688,0,0,Photos,English,,,,Lifetime,6681,7083,264,235,22,7,98,31.0,67,,,,,
100098767435607,100098765432100,LumaCraft Studio,Handcrafted Cotton Kurta Set | Limited Edit,Discover our minimalist tote bag. Designed for everyday style and easy gifting. #StyleInspiration #CottonLove,33,03/10/2025 11:06,Original,https://www.facebook.com/lumacraft-studio-synthetic/posts/100098767435607,0,0,Videos,English,,,,Lifetime,15426,9182,436,396,25,15,109,,109,297721.0,19.3,,,
100098767443526,100098765432100,LumaCraft Studio,Embroidered Festive Set | Fresh Drop,Discover our pastel shirt collection. Designed for everyday style and easy gifting. #Handmade #LumaCraft,47,05/01/2025 09:21,Original,https://www.facebook.com/lumacraft-studio-synthetic/posts/100098767443526,0,0,Videos,English,,,,Lifetime,16671,10106,395,353,24,18,130,,130,470122.0,28.2,,,
100098767451445,100098765432100,LumaCraft Studio,Handwoven Stole | Limited Edit,Discover our artisan home decor. Designed for everyday style and easy gifting. #CottonLove #CottonLove,0,08/30/2025 12:33,Original,https://www.facebook.com/lumacraft-studio-synthetic/posts/100098767451445,0,0,Photos,English,,,,Lifetime,7687,7994,342,312,16,14,110,40.0,70,,,,,
100098767459364,100098765432100,LumaCraft Studio,Linen Co-Ord Set | Now Available,Discover our everyday cotton saree. Designed for everyday style and easy gifting. #EverydayStyle #EverydayStyle,0,02/22/2025 15:01,Original,https://www.facebook.com/lumacraft-studio-synthetic/posts/100098767459364,0,0,Photos,English,,,,Lifetime,5512,5712,170,146,14,10,70,30.0,40,,,,,
100098767467283,100098765432100,LumaCraft Studio,Printed Summer Dress | New Arrival,Discover our embroidered festive set. Designed for everyday style and easy gifting. #NewDrop #CottonLove,0,09/05/2025 17:52,Original,https://www.facebook.com/lumacraft-studio-synthetic/posts/100098767467283,0,0,Photos,English,,,,Lifetime,3318,2998,150,134,9,7,33,13.0,20,,,,,
100098767475202,100098765432100,LumaCraft Studio,Weekend Collection | Weekend Pick,Discover our embroidered festive set. Designed for everyday style and easy gifting. #FestiveEdit #FestiveEdit,0,02/07/2025 15:20,Original,https://www.facebook.com/lumacraft-studio-synthetic/posts/100098767475202,0,0,Photos,English,,,,Lifetime,14422,12762,455,402,29,24,148,64.0,84,,,,,
100098767483121,100098765432100,LumaCraft Studio,Weekend Collection | New Arrival,Discover our pastel shirt collection. Designed for everyday style and easy gifting. #NewDrop #NewDrop,22,03/05/2025 20:57,Original,https://www.facebook.com/lumacraft-studio-synthetic/posts/100098767483121,0,0,Videos,English,,,,Lifetime,58564,32822,741,610,70,61,401,,401,521219.0,8.9,,,
100098767491040,100098765432100,LumaCraft Studio,Minimalist Tote Bag | Now Available,Discover our everyday cotton saree. Designed for everyday style and easy gifting. #FestiveEdit #LumaCraft,0,08/03/2025 16:45,Original,https://www.facebook.com/lumacraft-studio-synthetic/posts/100098767491040,0,0,Photos,English,,,,Lifetime,21897,14201,539,479,35,25,180,77.0,103,,,,,
100098767498959,100098765432100,LumaCraft Studio,Pastel Shirt Collection | Fresh Drop,Discover our printed summer dress. Designed for everyday style and easy gifting. #EverydayStyle #ShopSmall,19,10/17/2025 13:20,Original,https://www.facebook.com/lumacraft-studio-synthetic/posts/100098767498959,0,0,Videos,English,,,,Lifetime,24424,13987,561,502,35,24,161,,161,356590.0,14.6,,,
100098767506878,100098765432100,LumaCraft Studio,Embroidered Festive Set | Weekend Pick,Discover our embroidered festive set. Designed for everyday style and easy gifting. #CottonLove #CottonLove,0,03/04/2025 12:53,Original,https://www.facebook.com/lumacraft-studio-synthetic/posts/100098767506878,0,0,Photos,English,,,,Lifetime,19719,15238,846,786,43,17,191,77.0,114,,,,,
100098767514797,100098765432100,LumaCraft Studio,Printed Summer Dress | Weekend Pick,Discover our printed summer dress. Designed for everyday style and easy gifting. #Handmade #Handmade,0,04/20/2025 14:53,Original,https://www.facebook.com/lumacraft-studio-synthetic/posts/100098767514797,0,0,Photos,English,,,,Lifetime,25467,19270,486,388,61,37,230,98.0,132,,,,,
100098767522716,100098765432100,LumaCraft Studio,Linen Co-Ord Set | Now Available,Discover our pastel shirt collection. Designed for everyday style and easy gifting. #NewDrop #CottonLove,0,12/04/2025 16:54,Original,https://www.facebook.com/lumacraft-studio-synthetic/posts/100098767522716,0,0,Photos,English,,,,Lifetime,3389,3767,152,134,9,9,36,26.0,10,,,,,
100098767530635,100098765432100,LumaCraft Studio,Minimalist Tote Bag | Limited Edit,Discover our minimalist tote bag. Designed for everyday style and easy gifting. #LumaCraft #ShopSmall,0,12/28/2025 18:12,Original,https://www.facebook.com/lumacraft-studio-synthetic/posts/100098767530635,0,0,Photos,English,,,,Lifetime,18109,14373,127,61,40,26,171,54.0,117,,,,,
100098767538554,100098765432100,LumaCraft Studio,Weekend Collection | Weekend Pick,Discover our artisan home decor. Designed for everyday style and easy gifting. #CottonLove #LumaCraft,0,08/01/2025 17:35,Original,https://www.facebook.com/lumacraft-studio-synthetic/posts/100098767538554,0,0,Photos,English,,,,Lifetime,13583,12288,453,421,10,22,148,55.0,93,,,,,
100098767546473,100098765432100,LumaCraft Studio,Everyday Cotton Saree | Limited Edit,Discover our everyday cotton saree. Designed for everyday style and easy gifting. #Handmade #ShopSmall,0,06/13/2025 13:51,Original,https://www.facebook.com/lumacraft-studio-synthetic/posts/100098767546473,0,0,Photos,English,,,,Lifetime,22706,22424,863,781,39,43,242,108.0,134,,,,,
100098767554392,100098765432100,LumaCraft Studio,Weekend Collection | Fresh Drop,Discover our embroidered festive set. Designed for everyday style and easy gifting. #NewDrop #CottonLove,0,05/07/2025 14:14,Original,https://www.facebook.com/lumacraft-studio-synthetic/posts/100098767554392,0,0,Photos,English,,,,Lifetime,6701,5789,239,211,17,11,60,25.0,35,,,,,
100098767562311,100098765432100,LumaCraft Studio,Everyday Cotton Saree | Weekend Pick,Discover our embroidered festive set. Designed for everyday style and easy gifting. #LumaCraft #Handmade,58,08/12/2025 11:20,Original,https://www.facebook.com/lumacraft-studio-synthetic/posts/100098767562311,0,0,Videos,English,,,,Lifetime,12127,7436,226,199,13,14,88,,88,491143.0,40.5,,,
100098767570230,100098765432100,LumaCraft Studio,Pastel Shirt Collection | Fresh Drop,Discover our embroidered festive set. Designed for everyday style and easy gifting. #LumaCraft #ShopSmall,0,08/04/2025 13:52,Original,https://www.facebook.com/lumacraft-studio-synthetic/posts/100098767570230,0,0,Photos,English,,,,Lifetime,5982,4660,311,293,8,10,52,24.0,28,,,,,
100098767578149,100098765432100,LumaCraft Studio,Handwoven Stole | Now Available,Discover our embroidered festive set. Designed for everyday style and easy gifting. #FestiveEdit #LumaCraft,28,04/18/2025 16:15,Shared,https://www.facebook.com/lumacraft-studio-synthetic/posts/100098767578149,0,0,Videos,English,,,,Lifetime,14775,11321,559,512,28,19,126,,126,299932.0,20.3,,,
100098767586068,100098765432100,LumaCraft Studio,Weekend Collection | Fresh Drop,Discover our pastel shirt collection. Designed for everyday style and easy gifting. #CottonLove #NewDrop,0,01/09/2025 18:47,Original,https://www.facebook.com/lumacraft-studio-synthetic/posts/100098767586068,0,0,Photos,English,,,,Lifetime,23454,17723,884,822,38,24,204,77.0,127,,,,,
100098767593987,100098765432100,LumaCraft Studio,Linen Co-Ord Set | Now Available,Discover our embroidered festive set. Designed for everyday style and easy gifting. #CottonLove #CottonLove,0,02/25/2025 15:51,Original,https://www.facebook.com/lumacraft-studio-synthetic/posts/100098767593987,0,0,Photos,English,,,,Lifetime,29778,20191,495,405,49,41,247,103.0,144,,,,,
100098767601906,100098765432100,LumaCraft Studio,Weekend Collection | Fresh Drop,Discover our handwoven stole. Designed for everyday style and easy gifting. #Handmade #Handmade,0,12/16/2025 22:28,Original,https://www.facebook.com/lumacraft-studio-synthetic/posts/100098767601906,0,0,Photos,English,,,,Lifetime,4217,3621,155,144,7,4,55,15.0,40,,,,,
100098767609825,100098765432100,LumaCraft Studio,Artisan Home Decor | New Arrival,Discover our weekend collection. Designed for everyday style and easy gifting. #FestiveEdit #ShopSmall,0,06/02/2025 17:15,Original,https://www.facebook.com/lumacraft-studio-synthetic/posts/100098767609825,0,0,Photos,English,,,,Lifetime,4004,4260,138,118,13,7,58,23.0,35,,,,,
100098767617744,100098765432100,LumaCraft Studio,Pastel Shirt Collection | Now Available,Discover our embroidered festive set. Designed for everyday style and easy gifting. #CottonLove #EverydayStyle,0,06/26/2025 19:48,Original,https://www.facebook.com/lumacraft-studio-synthetic/posts/100098767617744,0,0,Photos,English,,,,Lifetime,27338,22978,759,686,41,32,267,105.0,162,,,,,
100098767625663,100098765432100,LumaCraft Studio,Artisan Home Decor | Now Available,Discover our weekend collection. Designed for everyday style and easy gifting. #EverydayStyle #EverydayStyle,0,06/20/2025 18:28,Original,https://www.facebook.com/lumacraft-studio-synthetic/posts/100098767625663,0,0,Photos,English,,,,Lifetime,37800,27785,859,742,63,54,332,155.0,177,,,,,
100098767633582,100098765432100,LumaCraft Studio,Minimalist Tote Bag | Weekend Pick,Discover our minimalist tote bag. Designed for everyday style and easy gifting. #NewDrop #LumaCraft,49,10/13/2025 16:11,Original,https://www.facebook.com/lumacraft-studio-synthetic/posts/100098767633582,0,0,Videos,English,,,,Lifetime,20160,11342,319,272,24,23,152,,152,368928.0,18.3,,,
100098767641501,100098765432100,LumaCraft Studio,Minimalist Tote Bag | Limited Edit,Discover our handwoven stole. Designed for everyday style and easy gifting. #FestiveEdit #ShopSmall,0,01/24/2025 10:25,Original,https://www.facebook.com/lumacraft-studio-synthetic/posts/100098767641501,0,0,Photos,English,,,,Lifetime,4733,4007,129,113,9,7,45,25.0,20,,,,,
100098767649420,100098765432100,LumaCraft Studio,Artisan Home Decor | Weekend Pick,Discover our handcrafted cotton kurta set. Designed for everyday style and easy gifting. #ShopSmall #LumaCraft,0,01/31/2025 20:39,Original,https://www.facebook.com/lumacraft-studio-synthetic/posts/100098767649420,0,0,Photos,English,,,,Lifetime,7806,5354,102,81,13,8,62,24.0,38,,,,,
100098767657339,100098765432100,LumaCraft Studio,Everyday Cotton Saree | New Arrival,Discover our embroidered festive set. Designed for everyday style and easy gifting. #FestiveEdit #StyleInspiration,0,04/11/2025 16:56,Original,https://www.facebook.com/lumacraft-studio-synthetic/posts/100098767657339,0,0,Photos,English,,,,Lifetime,2942,3250,112,96,9,7,47,14.0,33,,,,,
100098767665258,100098765432100,LumaCraft Studio,Artisan Home Decor | Limited Edit,Discover our handcrafted cotton kurta set. Designed for everyday style and easy gifting. #CottonLove #Handmade,0,06/27/2025 07:25,Original,https://www.facebook.com/lumacraft-studio-synthetic/posts/100098767665258,0,0,Photos,English,,,,Lifetime,4323,4896,283,262,11,10,50,21.0,29,,,,,
100098767673177,100098765432100,LumaCraft Studio,Minimalist Tote Bag | Limited Edit,Discover our handcrafted cotton kurta set. Designed for everyday style and easy gifting. #StyleInspiration #NewDrop,0,09/02/2025 20:44,Original,https://www.facebook.com/lumacraft-studio-synthetic/posts/100098767673177,0,0,Photos,English,,,,Lifetime,9383,6085,296,266,12,18,61,31.0,30,,,,,
100098767681096,100098765432100,LumaCraft Studio,Artisan Home Decor | Now Available,Discover our printed summer dress. Designed for everyday style and easy gifting. #FestiveEdit #FestiveEdit,0,06/29/2025 08:06,Original,https://www.facebook.com/lumacraft-studio-synthetic/posts/100098767681096,0,0,Photos,English,,,,Lifetime,4156,4561,97,74,15,8,73,24.0,49,,,,,
100098767689015,100098765432100,LumaCraft Studio,Handcrafted Cotton Kurta Set | Now Available,Discover our weekend collection. Designed for everyday style and easy gifting. #EverydayStyle #NewDrop,0,06/11/2025 13:34,Original,https://www.facebook.com/lumacraft-studio-synthetic/posts/100098767689015,0,0,Photos,English,,,,Lifetime,17137,11167,433,396,24,13,126,62.0,64,,,,,
100098767696934,100098765432100,LumaCraft Studio,Pastel Shirt Collection | Weekend Pick,Discover our artisan home decor. Designed for everyday style and easy gifting. #FestiveEdit #FestiveEdit,0,12/09/2025 15:03,Original,https://www.facebook.com/lumacraft-studio-synthetic/posts/100098767696934,0,0,Photos,English,,,,Lifetime,8467,6219,164,145,9,10,71,40.0,31,,,,,
100098767704853,100098765432100,LumaCraft Studio,Linen Co-Ord Set | Fresh Drop,Discover our handwoven stole. Designed for everyday style and easy gifting. #EverydayStyle #StyleInspiration,22,02/28/2025 16:47,Shared,https://www.facebook.com/lumacraft-studio-synthetic/posts/100098767704853,0,0,Videos,English,,,,Lifetime,15761,8711,471,438,17,16,115,,115,127664.0,8.1,,,
100098767712772,100098765432100,LumaCraft Studio,Minimalist Tote Bag | Now Available,Discover our pastel shirt collection. Designed for everyday style and easy gifting. #ShopSmall #Handmade,0,07/28/2025 08:18,Original,https://www.facebook.com/lumacraft-studio-synthetic/posts/100098767712772,0,0,Photos,English,,,,Lifetime,5346,4991,175,150,12,13,67,18.0,49,,,,,
100098767720691,100098765432100,LumaCraft Studio,Linen Co-Ord Set | Now Available,Discover our pastel shirt collection. Designed for everyday style and easy gifting. #EverydayStyle #Handmade,17,07/17/2025 10:38,Original,https://www.facebook.com/lumacraft-studio-synthetic/posts/100098767720691,0,0,Videos,English,,,,Lifetime,12418,10600,179,142,18,19,131,,131,137839.0,11.1,,,
100098767728610,100098765432100,LumaCraft Studio,Pastel Shirt Collection | Fresh Drop,Discover our weekend collection. Designed for everyday style and easy gifting. #NewDrop #FestiveEdit,0,06/22/2025 08:23,Original,https://www.facebook.com/lumacraft-studio-synthetic/posts/100098767728610,0,0,Photos,English,,,,Lifetime,33025,22600,823,748,35,40,255,122.0,133,,,,,
100098767736529,100098765432100,LumaCraft Studio,Linen Co-Ord Set | Now Available,Discover our handwoven stole. Designed for everyday style and easy gifting. #ShopSmall #ShopSmall,0,10/22/2025 17:26,Original,https://www.facebook.com/lumacraft-studio-synthetic/posts/100098767736529,0,0,Photos,English,,,,Lifetime,3537,3621,198,186,10,2,53,15.0,38,,,,,
100098767744448,100098765432100,LumaCraft Studio,Handwoven Stole | Now Available,Discover our linen co-ord set. Designed for everyday style and easy gifting. #ShopSmall #StyleInspiration,59,04/08/2025 13:12,Original,https://www.facebook.com/lumacraft-studio-synthetic/posts/100098767744448,0,0,Videos,English,,,,Lifetime,11661,5995,136,115,11,10,84,,84,432623.0,37.1,,,
100098767752367,100098765432100,LumaCraft Studio,Weekend Collection | Weekend Pick,Discover our handwoven stole. Designed for everyday style and easy gifting. #Handmade #EverydayStyle,0,12/15/2025 14:13,Original,https://www.facebook.com/lumacraft-studio-synthetic/posts/100098767752367,0,0,Photos,English,,,,Lifetime,3055,3789,135,127,2,6,44,23.0,21,,,,,
100098767760286,100098765432100,LumaCraft Studio,Pastel Shirt Collection | New Arrival,Discover our pastel shirt collection. Designed for everyday style and easy gifting. #LumaCraft #FestiveEdit,32,05/02/2025 06:24,Original,https://www.facebook.com/lumacraft-studio-synthetic/posts/100098767760286,0,0,Videos,English,,,,Lifetime,23681,11885,339,300,27,12,160,,160,395472.0,16.7,,,
100098767768205,100098765432100,LumaCraft Studio,Everyday Cotton Saree | Limited Edit,Discover our pastel shirt collection. Designed for everyday style and easy gifting. #ShopSmall #ShopSmall,0,07/18/2025 10:24,Original,https://www.facebook.com/lumacraft-studio-synthetic/posts/100098767768205,0,0,Photos,English,,,,Lifetime,20911,14980,405,348,37,20,200,85.0,115,,,,,
100098767776124,100098765432100,LumaCraft Studio,Weekend Collection | Fresh Drop,Discover our weekend collection. Designed for everyday style and easy gifting. #FestiveEdit #FestiveEdit,0,07/10/2025 06:51,Original,https://www.facebook.com/lumacraft-studio-synthetic/posts/100098767776124,0,0,Photos,English,,,,Lifetime,6497,9093,232,197,21,14,115,32.0,83,,,,,
100098767784043,100098765432100,LumaCraft Studio,Artisan Home Decor | Limited Edit,Discover our handwoven stole. Designed for everyday style and easy gifting. #FestiveEdit #EverydayStyle,39,11/07/2025 16:16,Original,https://www.facebook.com/lumacraft-studio-synthetic/posts/100098767784043,0,0,Videos,English,,,,Lifetime,9642,7679,249,228,12,9,100,,100,160057.0,16.6,,,
100098767791962,100098765432100,LumaCraft Studio,Weekend Collection | Fresh Drop,Discover our printed summer dress. Designed for everyday style and easy gifting. #Handmade #EverydayStyle,0,06/10/2025 14:29,Original,https://www.facebook.com/lumacraft-studio-synthetic/posts/100098767791962,0,0,Photos,English,,,,Lifetime,18510,15375,353,292,33,28,179,74.0,105,,,,,
100098767799881,100098765432100,LumaCraft Studio,Embroidered Festive Set | Now Available,Discover our handcrafted cotton kurta set. Designed for everyday style and easy gifting. #StyleInspiration #Handmade,0,04/14/2025 15:33,Original,https://www.facebook.com/lumacraft-studio-synthetic/posts/100098767799881,0,0,Photos,English,,,,Lifetime,5393,6201,266,239,14,13,75,30.0,45,,,,,
100098767807800,100098765432100,LumaCraft Studio,Pastel Shirt Collection | Weekend Pick,Discover our embroidered festive set. Designed for everyday style and easy gifting. #ShopSmall #LumaCraft,0,01/08/2025 18:46,Original,https://www.facebook.com/lumacraft-studio-synthetic/posts/100098767807800,0,0,Photos,English,,,,Lifetime,28958,26377,1223,1111,66,46,339,128.0,211,,,,,
100098767815719,100098765432100,LumaCraft Studio,Handcrafted Cotton Kurta Set | Weekend Pick,Discover our minimalist tote bag. Designed for everyday style and easy gifting. #LumaCraft #EverydayStyle,0,05/13/2025 13:13,Original,https://www.facebook.com/lumacraft-studio-synthetic/posts/100098767815719,0,0,Photos,English,,,,Lifetime,5257,5482,177,153,10,14,60,34.0,26,,,,,
100098767823638,100098765432100,LumaCraft Studio,Handcrafted Cotton Kurta Set | Now Available,Discover our weekend collection. Designed for everyday style and easy gifting. #Handmade #FestiveEdit,55,10/29/2025 12:19,Original,https://www.facebook.com/lumacraft-studio-synthetic/posts/100098767823638,0,0,Videos,English,,,,Lifetime,22666,14911,473,414,29,30,158,,158,543984.0,24.0,,,
100098767831557,100098765432100,LumaCraft Studio,Everyday Cotton Saree | Weekend Pick,Discover our everyday cotton saree. Designed for everyday style and easy gifting. #CottonLove #FestiveEdit,0,01/04/2025 15:51,Original,https://www.facebook.com/lumacraft-studio-synthetic/posts/100098767831557,0,0,Photos,English,,,,Lifetime,24029,18144,698,625,34,39,206,91.0,115,,,,,
100098767839476,100098765432100,LumaCraft Studio,Printed Summer Dress | Weekend Pick,Discover our weekend collection. Designed for everyday style and easy gifting. #LumaCraft #CottonLove,0,11/24/2025 12:40,Original,https://www.facebook.com/lumacraft-studio-synthetic/posts/100098767839476,0,0,Photos,English,,,,Lifetime,30887,21766,732,655,41,36,247,118.0,129,,,,,
100098767847395,100098765432100,LumaCraft Studio,Linen Co-Ord Set | Limited Edit,Discover our weekend collection. Designed for everyday style and easy gifting. #EverydayStyle #NewDrop,57,07/18/2025 14:14,Original,https://www.facebook.com/lumacraft-studio-synthetic/posts/100098767847395,0,0,Videos,English,,,,Lifetime,10409,7368,89,57,17,15,83,,83,244611.0,23.5,,,
100098767855314,100098765432100,LumaCraft Studio,Pastel Shirt Collection | New Arrival,Discover our pastel shirt collection. Designed for everyday style and easy gifting. #Handmade #EverydayStyle,0,02/21/2025 08:55,Original,https://www.facebook.com/lumacraft-studio-synthetic/posts/100098767855314,0,0,Photos,English,,,,Lifetime,3316,2460,131,122,7,2,26,10.0,16,,,,,
100098767863233,100098765432100,LumaCraft Studio,Handcrafted Cotton Kurta Set | Now Available,Discover our pastel shirt collection. Designed for everyday style and easy gifting. #StyleInspiration #Handmade,15,04/21/2025 15:51,Original,https://www.facebook.com/lumacraft-studio-synthetic/posts/100098767863233,0,0,Videos,English,,,,Lifetime,15193,9504,220,186,16,18,100,,100,97235.0,6.4,,,
100098767871152,100098765432100,LumaCraft Studio,Handcrafted Cotton Kurta Set | New Arrival,Discover our handwoven stole. Designed for everyday style and easy gifting. #Handmade #CottonLove,0,07/22/2025 11:42,Original,https://www.facebook.com/lumacraft-studio-synthetic/posts/100098767871152,0,0,Photos,English,,,,Lifetime,5575,6084,102,76,14,12,67,27.0,40,,,,,
100098767879071,100098765432100,LumaCraft Studio,Printed Summer Dress | Weekend Pick,Discover our weekend collection. Designed for everyday style and easy gifting. #NewDrop #NewDrop,0,04/26/2025 08:19,Original,https://www.facebook.com/lumacraft-studio-synthetic/posts/100098767879071,0,0,Photos,English,,,,Lifetime,5743,4578,163,147,5,11,57,23.0,34,,,,,
100098767886990,100098765432100,LumaCraft Studio,Handcrafted Cotton Kurta Set | New Arrival,Discover our printed summer dress. Designed for everyday style and easy gifting. #NewDrop #FestiveEdit,35,02/09/2025 19:08,Original,https://www.facebook.com/lumacraft-studio-synthetic/posts/100098767886990,0,0,Videos,English,,,,Lifetime,12645,5923,172,150,12,10,73,,73,155533.0,12.3,,,
100098767894909,100098765432100,LumaCraft Studio,Printed Summer Dress | Limited Edit,Discover our minimalist tote bag. Designed for everyday style and easy gifting. #EverydayStyle #NewDrop,0,09/01/2025 06:55,Shared,https://www.facebook.com/lumacraft-studio-synthetic/posts/100098767894909,0,0,Photos,English,,,,Lifetime,5946,6085,51,32,11,8,76,28.0,48,,,,,
100098767902828,100098765432100,LumaCraft Studio,Printed Summer Dress | Limited Edit,Discover our minimalist tote bag. Designed for everyday style and easy gifting. #FestiveEdit #LumaCraft,0,09/03/2025 07:11,Original,https://www.facebook.com/lumacraft-studio-synthetic/posts/100098767902828,0,0,Photos,English,,,,Lifetime,4153,3810,123,108,7,8,35,21.0,14,,,,,
100098767910747,100098765432100,LumaCraft Studio,Embroidered Festive Set | Weekend Pick,Discover our minimalist tote bag. Designed for everyday style and easy gifting. #LumaCraft #LumaCraft,0,02/13/2025 10:42,Original,https://www.facebook.com/lumacraft-studio-synthetic/posts/100098767910747,0,0,Photos,English,,,,Lifetime,10356,6574,245,212,14,19,90,45.0,45,,,,,
100098767918666,100098765432100,LumaCraft Studio,Embroidered Festive Set | New Arrival,Discover our embroidered festive set. Designed for everyday style and easy gifting. #NewDrop #LumaCraft,41,04/13/2025 12:37,Original,https://www.facebook.com/lumacraft-studio-synthetic/posts/100098767918666,0,0,Videos,English,,,,Lifetime,9682,6727,121,86,21,14,87,,87,269159.0,27.8,,,
100098767926585,100098765432100,LumaCraft Studio,Printed Summer Dress | Now Available,Discover our embroidered festive set. Designed for everyday style and easy gifting. #NewDrop #EverydayStyle,51,03/31/2025 16:13,Original,https://www.facebook.com/lumacraft-studio-synthetic/posts/100098767926585,0,0,Videos,English,,,,Lifetime,9397,7118,325,297,15,13,88,,88,168206.0,17.9,,,
100098767934504,100098765432100,LumaCraft Studio,Embroidered Festive Set | Fresh Drop,Discover our pastel shirt collection. Designed for everyday style and easy gifting. #ShopSmall #ShopSmall,0,08/29/2025 19:35,Original,https://www.facebook.com/lumacraft-studio-synthetic/posts/100098767934504,0,0,Photos,English,,,,Lifetime,7514,7298,333,305,15,13,79,40.0,39,,,,,
100098767942423,100098765432100,LumaCraft Studio,Embroidered Festive Set | New Arrival,Discover our handwoven stole. Designed for everyday style and easy gifting. #EverydayStyle #CottonLove,0,09/24/2025 06:16,Original,https://www.facebook.com/lumacraft-studio-synthetic/posts/100098767942423,0,0,Photos,English,,,,Lifetime,2844,2429,86,74,8,4,24,9.0,15,,,,,
100098767950342,100098765432100,LumaCraft Studio,Linen Co-Ord Set | New Arrival,Discover our pastel shirt collection. Designed for everyday style and easy gifting. #NewDrop #FestiveEdit,37,09/23/2025 17:51,Original,https://www.facebook.com/lumacraft-studio-synthetic/posts/100098767950342,0,0,Videos,English,,,,Lifetime,7026,4858,110,93,9,8,50,,50,120144.0,17.1,,,
100098767958261,100098765432100,LumaCraft Studio,Handcrafted Cotton Kurta Set | Fresh Drop,Discover our minimalist tote bag. Designed for everyday style and easy gifting. #LumaCraft #LumaCraft,0,12/09/2025 11:53,Original,https://www.facebook.com/lumacraft-studio-synthetic/posts/100098767958261,0,0,Photos,English,,,,Lifetime,5656,5204,246,218,14,14,66,22.0,44,,,,,
100098767966180,100098765432100,LumaCraft Studio,Minimalist Tote Bag | Limited Edit,Discover our linen co-ord set. Designed for everyday style and easy gifting. #NewDrop #Handmade,0,10/08/2025 19:46,Original,https://www.facebook.com/lumacraft-studio-synthetic/posts/100098767966180,0,0,Photos,English,,,,Lifetime,5069,4725,159,141,9,9,50,21.0,29,,,,,
100098767974099,100098765432100,LumaCraft Studio,Printed Summer Dress | Fresh Drop,Discover our embroidered festive set. Designed for everyday style and easy gifting. #CottonLove #Handmade,0,04/28/2025 13:14,Original,https://www.facebook.com/lumacraft-studio-synthetic/posts/100098767974099,0,0,Photos,English,,,,Lifetime,16692,12224,711,659,30,22,164,63.0,101,,,,,
100098767982018,100098765432100,LumaCraft Studio,Pastel Shirt Collection | Now Available,Discover our pastel shirt collection. Designed for everyday style and easy gifting. #NewDrop #StyleInspiration,0,02/09/2025 15:55,Original,https://www.facebook.com/lumacraft-studio-synthetic/posts/100098767982018,0,0,Photos,English,,,,Lifetime,8992,9653,301,263,19,19,121,59.0,62,,,,,
100098767989937,100098765432100,LumaCraft Studio,Everyday Cotton Saree | Now Available,Discover our handwoven stole. Designed for everyday style and easy gifting. #CottonLove #EverydayStyle,25,08/13/2025 16:54,Original,https://www.facebook.com/lumacraft-studio-synthetic/posts/100098767989937,0,0,Videos,English,,,,Lifetime,14536,6956,152,128,13,11,82,,82,136638.0,9.4,,,
100098767997856,100098765432100,LumaCraft Studio,Printed Summer Dress | New Arrival,Discover our printed summer dress. Designed for everyday style and easy gifting. #EverydayStyle #NewDrop,43,12/01/2025 14:59,Original,https://www.facebook.com/lumacraft-studio-synthetic/posts/100098767997856,0,0,Videos,English,,,,Lifetime,30794,16673,654,589,32,33,232,,232,809882.0,26.3,,,
100098768005775,100098765432100,LumaCraft Studio,Weekend Collection | Limited Edit,Discover our embroidered festive set. Designed for everyday style and easy gifting. #NewDrop #NewDrop,52,12/22/2025 18:08,Original,https://www.facebook.com/lumacraft-studio-synthetic/posts/100098768005775,0,0,Videos,English,,,,Lifetime,19580,11487,87,36,36,15,134,,134,720544.0,36.8,,,
100098768013694,100098765432100,LumaCraft Studio,Pastel Shirt Collection | Fresh Drop,Discover our weekend collection. Designed for everyday style and easy gifting. #FestiveEdit #FestiveEdit,0,03/26/2025 18:19,Original,https://www.facebook.com/lumacraft-studio-synthetic/posts/100098768013694,0,0,Photos,English,,,,Lifetime,10749,10092,283,237,20,26,129,50.0,79,,,,,
100098768021613,100098765432100,LumaCraft Studio,Embroidered Festive Set | Weekend Pick,Discover our handcrafted cotton kurta set. Designed for everyday style and easy gifting. #Handmade #FestiveEdit,0,03/28/2025 16:17,Original,https://www.facebook.com/lumacraft-studio-synthetic/posts/100098768021613,0,0,Photos,English,,,,Lifetime,15582,11526,347,302,23,22,138,49.0,89,,,,,
100098768029532,100098765432100,LumaCraft Studio,Printed Summer Dress | Limited Edit,Discover our everyday cotton saree. Designed for everyday style and easy gifting. #CottonLove #CottonLove,0,01/14/2025 15:12,Original,https://www.facebook.com/lumacraft-studio-synthetic/posts/100098768029532,0,0,Photos,English,,,,Lifetime,14839,12539,288,243,26,19,145,60.0,85,,,,,
100098768037451,100098765432100,LumaCraft Studio,Weekend Collection | New Arrival,Discover our handcrafted cotton kurta set. Designed for everyday style and easy gifting. #EverydayStyle #ShopSmall,0,02/21/2025 13:49,Shared,https://www.facebook.com/lumacraft-studio-synthetic/posts/100098768037451,0,0,Photos,English,,,,Lifetime,14824,13400,392,336,37,19,182,62.0,120,,,,,
100098768045370,100098765432100,LumaCraft Studio,Handcrafted Cotton Kurta Set | Fresh Drop,Discover our artisan home decor. Designed for everyday style and easy gifting. #Handmade #LumaCraft,0,07/22/2025 07:04,Original,https://www.facebook.com/lumacraft-studio-synthetic/posts/100098768045370,0,0,Photos,English,,,,Lifetime,11628,10303,564,523,27,14,104,45.0,59,,,,,
100098768053289,100098765432100,LumaCraft Studio,Pastel Shirt Collection | New Arrival,Discover our minimalist tote bag. Designed for everyday style and easy gifting. #EverydayStyle #FestiveEdit,0,07/19/2025 14:23,Original,https://www.facebook.com/lumacraft-studio-synthetic/posts/100098768053289,0,0,Photos,English,,,,Lifetime,24000,22163,988,902,46,40,246,125.0,121,,,,,
100098768061208,100098765432100,LumaCraft Studio,Pastel Shirt Collection | Fresh Drop,Discover our linen co-ord set. Designed for everyday style and easy gifting. #CottonLove #Handmade,0,05/16/2025 11:01,Original,https://www.facebook.com/lumacraft-studio-synthetic/posts/100098768061208,0,0,Photos,English,,,,Lifetime,4384,2967,111,96,8,7,34,15.0,19,,,,,
100098768069127,100098765432100,LumaCraft Studio,Linen Co-Ord Set | Limited Edit,Discover our embroidered festive set. Designed for everyday style and easy gifting. #FestiveEdit #FestiveEdit,0,04/24/2025 17:50,Original,https://www.facebook.com/lumacraft-studio-synthetic/posts/100098768069127,0,0,Photos,English,,,,Lifetime,8131,5005,133,110,12,11,68,28.0,40,,,,,
100098768077046,100098765432100,LumaCraft Studio,Printed Summer Dress | Now Available,Discover our pastel shirt collection. Designed for everyday style and easy gifting. #Handmade #StyleInspiration,33,10/30/2025 17:42,Original,https://www.facebook.com/lumacraft-studio-synthetic/posts/100098768077046,0,0,Videos,English,,,,Lifetime,5705,2914,53,43,8,2,37,,37,142054.0,24.9,3.63,2.22,1633.0
100098768084965,100098765432100,LumaCraft Studio,Pastel Shirt Collection | Limited Edit,Discover our handwoven stole. Designed for everyday style and easy gifting. #EverydayStyle #FestiveEdit,0,06/17/2025 13:07,Original,https://www.facebook.com/lumacraft-studio-synthetic/posts/100098768084965,0,0,Photos,English,,,,Lifetime,16130,11277,378,338,27,13,152,57.0,95,,,,,
100098768092884,100098765432100,LumaCraft Studio,Embroidered Festive Set | Now Available,Discover our handwoven stole. Designed for everyday style and easy gifting. #CottonLove #EverydayStyle,0,10/23/2025 16:53,Original,https://www.facebook.com/lumacraft-studio-synthetic/posts/100098768092884,0,0,Photos,English,,,,Lifetime,6112,5041,196,178,11,7,55,31.0,24,,,,,
100098768100803,100098765432100,LumaCraft Studio,Weekend Collection | Weekend Pick,Discover our handcrafted cotton kurta set. Designed for everyday style and easy gifting. #CottonLove #CottonLove,51,12/18/2025 10:46,Original,https://www.facebook.com/lumacraft-studio-synthetic/posts/100098768100803,0,0,Videos,English,,,,Lifetime,27339,14509,350,292,30,28,176,,176,847509.0,31.0,,,
100098768108722,100098765432100,LumaCraft Studio,Linen Co-Ord Set | Weekend Pick,Discover our minimalist tote bag. Designed for everyday style and easy gifting. #LumaCraft #LumaCraft,36,04/26/2025 17:08,Original,https://www.facebook.com/lumacraft-studio-synthetic/posts/100098768108722,0,0,Videos,English,,,,Lifetime,13685,9639,140,106,18,16,135,,135,250435.0,18.3,,,
100098768116641,100098765432100,LumaCraft Studio,Handwoven Stole | New Arrival,Discover our pastel shirt collection. Designed for everyday style and easy gifting. #FestiveEdit #NewDrop,52,03/15/2025 11:47,Original,https://www.facebook.com/lumacraft-studio-synthetic/posts/100098768116641,0,0,Videos,English,,,,Lifetime,21593,10817,278,229,28,21,119,,119,850764.0,39.4,5.81,1.8,3226.0
100098768124560,100098765432100,LumaCraft Studio,Linen Co-Ord Set | Now Available,Discover our artisan home decor. Designed for everyday style and easy gifting. #ShopSmall #StyleInspiration,0,12/14/2025 22:30,Original,https://www.facebook.com/lumacraft-studio-synthetic/posts/100098768124560,0,0,Photos,English,,,,Lifetime,3475,2207,90,76,9,5,33,10.0,23,,,,,
100098768132479,100098765432100,LumaCraft Studio,Linen Co-Ord Set | Fresh Drop,Discover our embroidered festive set. Designed for everyday style and easy gifting. #EverydayStyle #Handmade,15,08/20/2025 06:55,Original,https://www.facebook.com/lumacraft-studio-synthetic/posts/100098768132479,0,0,Videos,English,,,,Lifetime,12119,7125,180,154,16,10,75,,75,129673.0,10.7,,,
100098768140398,100098765432100,LumaCraft Studio,Pastel Shirt Collection | New Arrival,Discover our printed summer dress. Designed for everyday style and easy gifting. #Handmade #Handmade,0,04/17/2025 22:00,Original,https://www.facebook.com/lumacraft-studio-synthetic/posts/100098768140398,0,0,Photos,English,,,,Lifetime,14035,11948,517,465,26,26,149,58.0,91,,,,,
100098768148317,100098765432100,LumaCraft Studio,Weekend Collection | Weekend Pick,Discover our artisan home decor. Designed for everyday style and easy gifting. #NewDrop #EverydayStyle,0,08/15/2025 16:23,Original,https://www.facebook.com/lumacraft-studio-synthetic/posts/100098768148317,0,0,Photos,English,,,,Lifetime,3566,3559,164,151,5,8,28,24.0,4,,,,,
100098768156236,100098765432100,LumaCraft Studio,Handwoven Stole | Now Available,Discover our linen co-ord set. Designed for everyday style and easy gifting. #NewDrop #StyleInspiration,0,07/07/2025 19:07,Original,https://www.facebook.com/lumacraft-studio-synthetic/posts/100098768156236,0,0,Photos,English,,,,Lifetime,16935,11925,633,589,22,22,118,55.0,63,,,,,
100098768164155,100098765432100,LumaCraft Studio,Everyday Cotton Saree | Weekend Pick,Discover our weekend collection. Designed for everyday style and easy gifting. #Handmade #ShopSmall,0,11/27/2025 19:24,Original,https://www.facebook.com/lumacraft-studio-synthetic/posts/100098768164155,0,0,Photos,English,,,,Lifetime,24788,15680,740,685,32,23,191,72.0,119,,,,,
100098768172074,100098765432100,LumaCraft Studio,Handwoven Stole | Now Available,Discover our linen co-ord set. Designed for everyday style and easy gifting. #NewDrop #StyleInspiration,0,04/04/2025 17:32,Original,https://www.facebook.com/lumacraft-studio-synthetic/posts/100098768172074,0,0,Photos,English,,,,Lifetime,7861,6630,153,125,20,8,86,36.0,50,,,,,
100098768179993,100098765432100,LumaCraft Studio,Handwoven Stole | Limited Edit,Discover our embroidered festive set. Designed for everyday style and easy gifting. #EverydayStyle #NewDrop,0,12/28/2025 13:43,Original,https://www.facebook.com/lumacraft-studio-synthetic/posts/100098768179993,0,0,Photos,English,,,,Lifetime,29658,28243,1025,911,56,58,329,141.0,188,,,,,
100098768187912,100098765432100,LumaCraft Studio,Embroidered Festive Set | Now Available,Discover our handcrafted cotton kurta set. Designed for everyday style and easy gifting. #FestiveEdit #StyleInspiration,15,12/08/2025 16:03,Original,https://www.facebook.com/lumacraft-studio-synthetic/posts/100098768187912,0,0,Videos,English,,,,Lifetime,8720,4981,273,259,11,3,65,,65,47088.0,5.4,,,
100098768195831,100098765432100,LumaCraft Studio,Minimalist Tote Bag | Fresh Drop,Discover our pastel shirt collection. Designed for everyday style and easy gifting. #StyleInspiration #ShopSmall,0,03/07/2025 13:20,Original,https://www.facebook.com/lumacraft-studio-synthetic/posts/100098768195831,0,0,Photos,English,,,,Lifetime,7838,7855,129,95,20,14,81,34.0,47,,,,,
100098768203750,100098765432100,LumaCraft Studio,Pastel Shirt Collection | Limited Edit,Discover our pastel shirt collection. Designed for everyday style and easy gifting. #StyleInspiration #StyleInspiration,0,03/02/2025 18:39,Original,https://www.facebook.com/lumacraft-studio-synthetic/posts/100098768203750,0,0,Photos,English,,,,Lifetime,22694,20186,827,753,37,37,251,110.0,141,,,,,
100098768211669,100098765432100,LumaCraft Studio,Pastel Shirt Collection | Limited Edit,Discover our linen co-ord set. Designed for everyday style and easy gifting. #CottonLove #ShopSmall,0,07/14/2025 06:03,Original,https://www.facebook.com/lumacraft-studio-synthetic/posts/100098768211669,0,0,Photos,English,,,,Lifetime,18256,16181,659,606,29,24,173,85.0,88,,,,,
100098768219588,100098765432100,LumaCraft Studio,Weekend Collection | New Arrival,Discover our printed summer dress. Designed for everyday style and easy gifting. #NewDrop #EverydayStyle,0,01/17/2025 12:35,Original,https://www.facebook.com/lumacraft-studio-synthetic/posts/100098768219588,0,0,Photos,English,,,,Lifetime,8627,9693,391,353,25,13,107,43.0,64,,,,,
100098768227507,100098765432100,LumaCraft Studio,Linen Co-Ord Set | New Arrival,Discover our weekend collection. Designed for everyday style and easy gifting. #Handmade #FestiveEdit,0,04/20/2025 19:50,Original,https://www.facebook.com/lumacraft-studio-synthetic/posts/100098768227507,0,0,Photos,English,,,,Lifetime,11490,8313,445,413,16,16,99,33.0,66,,,,,
100098768235426,100098765432100,LumaCraft Studio,Linen Co-Ord Set | Weekend Pick,Discover our artisan home decor. Designed for everyday style and easy gifting. #EverydayStyle #ShopSmall,0,06/08/2025 16:15,Original,https://www.facebook.com/lumacraft-studio-synthetic/posts/100098768235426,0,0,Photos,English,,,,Lifetime,7853,6223,316,279,22,15,72,33.0,39,,,,,
100098768243345,100098765432100,LumaCraft Studio,Minimalist Tote Bag | Now Available,Discover our handcrafted cotton kurta set. Designed for everyday style and easy gifting. #NewDrop #StyleInspiration,0,12/20/2025 16:31,Original,https://www.facebook.com/lumacraft-studio-synthetic/posts/100098768243345,0,0,Photos,English,,,,Lifetime,11428,10656,276,232,24,20,109,58.0,51,,,,,
100098768251264,100098765432100,LumaCraft Studio,Linen Co-Ord Set | Now Available,Discover our linen co-ord set. Designed for everyday style and easy gifting. #Handmade #ShopSmall,15,12/29/2025 17:23,Original,https://www.facebook.com/lumacraft-studio-synthetic/posts/100098768251264,0,0,Videos,English,,,,Lifetime,16467,8995,378,346,21,11,111,,111,113622.0,6.9,,,
100098768259183,100098765432100,LumaCraft Studio,Weekend Collection | New Arrival,Discover our artisan home decor. Designed for everyday style and easy gifting. #Handmade #LumaCraft,16,02/25/2025 17:45,Original,https://www.facebook.com/lumacraft-studio-synthetic/posts/100098768259183,0,0,Videos,English,,,,Lifetime,13693,7460,293,265,16,12,94,,94,79419.0,5.8,,,
100098768267102,100098765432100,LumaCraft Studio,Pastel Shirt Collection | Fresh Drop,Discover our printed summer dress. Designed for everyday style and easy gifting. #NewDrop #StyleInspiration,0,11/22/2025 18:34,Original,https://www.facebook.com/lumacraft-studio-synthetic/posts/100098768267102,0,0,Photos,English,,,,Lifetime,16162,17971,1032,954,52,26,220,96.0,124,,,,,
100098768275021,100098765432100,LumaCraft Studio,Printed Summer Dress | Now Available,Discover our pastel shirt collection. Designed for everyday style and easy gifting. #ShopSmall #CottonLove,0,02/03/2025 22:08,Original,https://www.facebook.com/lumacraft-studio-synthetic/posts/100098768275021,0,0,Photos,English,,,,Lifetime,4241,3757,106,88,10,8,43,18.0,25,,,,,
100098768282940,100098765432100,LumaCraft Studio,Embroidered Festive Set | Fresh Drop,Discover our handcrafted cotton kurta set. Designed for everyday style and easy gifting. #Handmade #CottonLove,55,10/01/2025 16:25,Original,https://www.facebook.com/lumacraft-studio-synthetic/posts/100098768282940,0,0,Videos,English,,,,Lifetime,29029,20865,899,823,40,36,230,,230,1036335.0,35.7,21.42,2.68,7991.0
100098768290859,100098765432100,LumaCraft Studio,Pastel Shirt Collection | Fresh Drop,Discover our pastel shirt collection. Designed for everyday style and easy gifting. #StyleInspiration #EverydayStyle,44,11/05/2025 06:02,Original,https://www.facebook.com/lumacraft-studio-synthetic/posts/100098768290859,0,0,Videos,English,,,,Lifetime,11466,7624,126,94,16,16,84,,84,213267.0,18.6,,,
100098768298778,100098765432100,LumaCraft Studio,Embroidered Festive Set | Now Available,Discover our embroidered festive set. Designed for everyday style and easy gifting. #LumaCraft #StyleInspiration,0,11/22/2025 16:47,Shared,https://www.facebook.com/lumacraft-studio-synthetic/posts/100098768298778,0,0,Photos,English,,,,Lifetime,5500,4123,161,146,4,11,47,16.0,31,,,,,
100098768306697,100098765432100,LumaCraft Studio,Artisan Home Decor | Now Available,Discover our handwoven stole. Designed for everyday style and easy gifting. #LumaCraft #FestiveEdit,35,03/23/2025 15:56,Original,https://www.facebook.com/lumacraft-studio-synthetic/posts/100098768306697,0,0,Videos,English,,,,Lifetime,51757,34928,982,831,88,63,391,,391,1164532.0,22.5,,,
100098768314616,100098765432100,LumaCraft Studio,Printed Summer Dress | Now Available,Discover our handcrafted cotton kurta set. Designed for everyday style and easy gifting. #CottonLove #ShopSmall,16,11/23/2025 19:05,Shared,https://www.facebook.com/lumacraft-studio-synthetic/posts/100098768314616,0,0,Videos,English,,,,Lifetime,56664,29944,880,743,71,66,372,,372,345650.0,6.1,,,
100098768322535,100098765432100,LumaCraft Studio,Pastel Shirt Collection | Fresh Drop,Discover our pastel shirt collection. Designed for everyday style and easy gifting. #EverydayStyle #LumaCraft,29,02/12/2025 14:09,Original,https://www.facebook.com/lumacraft-studio-synthetic/posts/100098768322535,0,0,Videos,English,,,,Lifetime,21561,10497,197,150,30,17,110,,110,237171.0,11.0,,,
100098768330454,100098765432100,LumaCraft Studio,Embroidered Festive Set | Weekend Pick,Discover our everyday cotton saree. Designed for everyday style and easy gifting. #FestiveEdit #FestiveEdit,0,07/09/2025 11:40,Original,https://www.facebook.com/lumacraft-studio-synthetic/posts/100098768330454,0,0,Photos,English,,,,Lifetime,3040,3114,88,70,12,6,40,19.0,21,,,,,
100098768338373,100098765432100,LumaCraft Studio,Handcrafted Cotton Kurta Set | New Arrival,Discover our printed summer dress. Designed for everyday style and easy gifting. #CottonLove #EverydayStyle,0,06/21/2025 20:15,Original,https://www.facebook.com/lumacraft-studio-synthetic/posts/100098768338373,0,0,Photos,English,,,,Lifetime,29263,30287,1375,1259,61,55,372,135.0,237,,,,,
100098768346292,100098765432100,LumaCraft Studio,Weekend Collection | Fresh Drop,Discover our handwoven stole. Designed for everyday style and easy gifting. #ShopSmall #LumaCraft,0,04/26/2025 12:10,Original,https://www.facebook.com/lumacraft-studio-synthetic/posts/100098768346292,0,0,Photos,English,,,,Lifetime,13375,9730,315,273,22,20,124,48.0,76,,,,,
100098768354211,100098765432100,LumaCraft Studio,Embroidered Festive Set | Now Available,Discover our everyday cotton saree. Designed for everyday style and easy gifting. #LumaCraft #ShopSmall,0,01/09/2025 19:59,Original,https://www.facebook.com/lumacraft-studio-synthetic/posts/100098768354211,0,0,Photos,English,,,,Lifetime,6843,5304,223,197,12,14,63,24.0,39,,,,,
100098768362130,100098765432100,LumaCraft Studio,Everyday Cotton Saree | New Arrival,Discover our printed summer dress. Designed for everyday style and easy gifting. #NewDrop #StyleInspiration,0,10/09/2025 12:54,Shared,https://www.facebook.com/lumacraft-studio-synthetic/posts/100098768362130,0,0,Photos,English,,,,Lifetime,4759,4494,233,214,10,9,46,17.0,29,,,,,
100098768370049,100098765432100,LumaCraft Studio,Weekend Collection | Weekend Pick,Discover our minimalist tote bag. Designed for everyday style and easy gifting. #FestiveEdit #Handmade,0,05/03/2025 15:52,Original,https://www.facebook.com/lumacraft-studio-synthetic/posts/100098768370049,0,0,Photos,English,,,,Lifetime,34654,29609,1053,931,63,59,370,147.0,223,,,,,
100098768377968,100098765432100,LumaCraft Studio,Weekend Collection | Limited Edit,Discover our printed summer dress. Designed for everyday style and easy gifting. #NewDrop #NewDrop,0,08/30/2025 19:44,Shared,https://www.facebook.com/lumacraft-studio-synthetic/posts/100098768377968,0,0,Photos,English,,,,Lifetime,18600,13861,444,376,30,38,161,79.0,82,,,,,
100098768385887,100098765432100,LumaCraft Studio,Pastel Shirt Collection | Now Available,Discover our pastel shirt collection. Designed for everyday style and easy gifting. #CottonLove #EverydayStyle,0,05/30/2025 14:24,Shared,https://www.facebook.com/lumacraft-studio-synthetic/posts/100098768385887,0,0,Photos,English,,,,Lifetime,8832,9908,397,358,19,20,128,47.0,81,,,,,
100098768393806,100098765432100,LumaCraft Studio,Embroidered Festive Set | Now Available,Discover our linen co-ord set. Designed for everyday style and easy gifting. #CottonLove #NewDrop,26,05/17/2025 18:31,Original,https://www.facebook.com/lumacraft-studio-synthetic/posts/100098768393806,0,0,Videos,English,,,,Lifetime,94497,61684,1169,934,128,107,738,,738,1219011.0,12.9,,,
100098768401725,100098765432100,LumaCraft Studio,Everyday Cotton Saree | Weekend Pick,Discover our embroidered festive set. Designed for everyday style and easy gifting. #CottonLove #Handmade,0,11/20/2025 17:32,Original,https://www.facebook.com/lumacraft-studio-synthetic/posts/100098768401725,0,0,Photos,English,,,,Lifetime,8638,8774,353,317,18,18,93,43.0,50,,,,,
100098768409644,100098765432100,LumaCraft Studio,Handcrafted Cotton Kurta Set | Now Available,Discover our artisan home decor. Designed for everyday style and easy gifting. #LumaCraft #EverydayStyle,0,02/04/2025 16:46,Original,https://www.facebook.com/lumacraft-studio-synthetic/posts/100098768409644,0,0,Photos,English,,,,Lifetime,10003,7275,324,292,21,11,87,36.0,51,,,,,
100098768417563,100098765432100,LumaCraft Studio,Pastel Shirt Collection | Fresh Drop,Discover our handwoven stole. Designed for everyday style and easy gifting. #EverydayStyle #LumaCraft,26,09/26/2025 10:46,Original,https://www.facebook.com/lumacraft-studio-synthetic/posts/100098768417563,0,0,Videos,English,,,,Lifetime,7277,4866,109,96,5,8,55,,55,112793.0,15.5,10.04,4.13,2431.0
100098768425482,100098765432100,LumaCraft Studio,Minimalist Tote Bag | New Arrival,Discover our artisan home decor. Designed for everyday style and easy gifting. #EverydayStyle #LumaCraft,43,09/30/2025 19:54,Original,https://www.facebook.com/lumacraft-studio-synthetic/posts/100098768425482,0,0,Videos,English,,,,Lifetime,20436,18064,607,543,32,32,218,,218,324932.0,15.9,,,
100098768433401,100098765432100,LumaCraft Studio,Pastel Shirt Collection | Now Available,Discover our handcrafted cotton kurta set. Designed for everyday style and easy gifting. #EverydayStyle #LumaCraft,33,05/19/2025 18:30,Original,https://www.facebook.com/lumacraft-studio-synthetic/posts/100098768433401,0,0,Videos,English,,,,Lifetime,40005,21222,786,713,48,25,272,,272,936117.0,23.4,,,
100098768441320,100098765432100,LumaCraft Studio,Handcrafted Cotton Kurta Set | Now Available,Discover our minimalist tote bag. Designed for everyday style and easy gifting. #EverydayStyle #LumaCraft,50,04/06/2025 12:05,Original,https://www.facebook.com/lumacraft-studio-synthetic/posts/100098768441320,0,0,Videos,English,,,,Lifetime,17992,11601,117,67,28,22,131,,131,415615.0,23.1,,,
100098768449239,100098765432100,LumaCraft Studio,Weekend Collection | Limited Edit,Discover our everyday cotton saree. Designed for everyday style and easy gifting. #ShopSmall #LumaCraft,37,01/02/2025 18:27,Original,https://www.facebook.com/lumacraft-studio-synthetic/posts/100098768449239,0,0,Videos,English,,,,Lifetime,38451,20332,1059,979,46,34,242,,242,811316.0,21.1,,,
100098768457158,100098765432100,LumaCraft Studio,Linen Co-Ord Set | Now Available,Discover our handwoven stole. Designed for everyday style and easy gifting. #FestiveEdit #StyleInspiration,0,12/08/2025 21:01,Original,https://www.facebook.com/lumacraft-studio-synthetic/posts/100098768457158,0,0,Photos,English,,,,Lifetime,36466,40392,2159,1990,90,79,489,215.0,274,,,,,
100098768465077,100098765432100,LumaCraft Studio,Minimalist Tote Bag | Now Available,Discover our minimalist tote bag. Designed for everyday style and easy gifting. #StyleInspiration #ShopSmall,0,12/12/2025 14:48,Original,https://www.facebook.com/lumacraft-studio-synthetic/posts/100098768465077,0,0,Photos,English,,,,Lifetime,7059,6074,238,213,16,9,84,29.0,55,,,,,
100098768472996,100098765432100,LumaCraft Studio,Handwoven Stole | Limited Edit,Discover our weekend collection. Designed for everyday style and easy gifting. #CottonLove #NewDrop,0,03/29/2025 19:43,Original,https://www.facebook.com/lumacraft-studio-synthetic/posts/100098768472996,0,0,Photos,English,,,,Lifetime,16111,12088,52,0,31,21,158,53.0,105,,,,,
100098768480915,100098765432100,LumaCraft Studio,Minimalist Tote Bag | Fresh Drop,Discover our embroidered festive set. Designed for everyday style and easy gifting. #NewDrop #ShopSmall,0,01/12/2025 14:37,Original,https://www.facebook.com/lumacraft-studio-synthetic/posts/100098768480915,0,0,Photos,English,,,,Lifetime,10782,9483,350,305,31,14,107,48.0,59,,,,,
100098768488834,100098765432100,LumaCraft Studio,Embroidered Festive Set | Weekend Pick,Discover our printed summer dress. Designed for everyday style and easy gifting. #NewDrop #ShopSmall,24,02/14/2025 16:19,Original,https://www.facebook.com/lumacraft-studio-synthetic/posts/100098768488834,0,0,Videos,English,,,,Lifetime,19163,10822,369,325,19,25,122,,122,283612.0,14.8,,,
100098768496753,100098765432100,LumaCraft Studio,Minimalist Tote Bag | Now Available,Discover our printed summer dress. Designed for everyday style and easy gifting. #NewDrop #ShopSmall,0,01/25/2025 16:23,Original,https://www.facebook.com/lumacraft-studio-synthetic/posts/100098768496753,0,0,Photos,English,,,,Lifetime,3128,3282,166,146,13,7,28,19.0,9,,,,,
100098768504672,100098765432100,LumaCraft Studio,Minimalist Tote Bag | New Arrival,Discover our handcrafted cotton kurta set. Designed for everyday style and easy gifting. #EverydayStyle #CottonLove,0,10/31/2025 16:24,Original,https://www.facebook.com/lumacraft-studio-synthetic/posts/100098768504672,0,0,Photos,English,,,,Lifetime,2638,3008,57,46,8,3,36,16.0,20,,,,,
100098768512591,100098765432100,LumaCraft Studio,Handcrafted Cotton Kurta Set | Limited Edit,Discover our handcrafted cotton kurta set. Designed for everyday style and easy gifting. #Handmade #Handmade,0,11/22/2025 20:30,Original,https://www.facebook.com/lumacraft-studio-synthetic/posts/100098768512591,0,0,Photos,English,,,,Lifetime,22097,17807,590,501,50,39,223,87.0,136,,,,,
100098768520510,100098765432100,LumaCraft Studio,Handwoven Stole | Now Available,Discover our handwoven stole. Designed for everyday style and easy gifting. #NewDrop #NewDrop,0,02/25/2025 12:28,Original,https://www.facebook.com/lumacraft-studio-synthetic/posts/100098768520510,0,0,Photos,English,,,,Lifetime,10434,9861,151,116,23,12,114,50.0,64,,,,,
100098768528429,100098765432100,LumaCraft Studio,Handcrafted Cotton Kurta Set | Limited Edit,Discover our handwoven stole. Designed for everyday style and easy gifting. #NewDrop #NewDrop,0,09/30/2025 14:21,Original,https://www.facebook.com/lumacraft-studio-synthetic/posts/100098768528429,0,0,Photos,English,,,,Lifetime,9829,7908,465,427,22,16,99,44.0,55,,,,,
100098768536348,100098765432100,LumaCraft Studio,Handwoven Stole | Fresh Drop,Discover our handwoven stole. Designed for everyday style and easy gifting. #ShopSmall #StyleInspiration,0,03/07/2025 11:23,Original,https://www.facebook.com/lumacraft-studio-synthetic/posts/100098768536348,0,0,Photos,English,,,,Lifetime,6451,5377,263,237,16,10,70,27.0,43,,,,,
100098768544267,100098765432100,LumaCraft Studio,Linen Co-Ord Set | Limited Edit,Discover our linen co-ord set. Designed for everyday style and easy gifting. #LumaCraft #FestiveEdit,18,05/15/2025 11:18,Original,https://www.facebook.com/lumacraft-studio-synthetic/posts/100098768544267,0,0,Videos,English,,,,Lifetime,20759,12920,829,777,26,26,145,,145,226273.0,10.9,,,
100098768552186,100098765432100,LumaCraft Studio,Embroidered Festive Set | New Arrival,Discover our weekend collection. Designed for everyday style and easy gifting. #EverydayStyle #FestiveEdit,0,08/07/2025 14:41,Original,https://www.facebook.com/lumacraft-studio-synthetic/posts/100098768552186,0,0,Photos,English,,,,Lifetime,15558,11740,430,378,29,23,177,55.0,122,,,,,
100098768560105,100098765432100,LumaCraft Studio,Artisan Home Decor | Weekend Pick,Discover our artisan home decor. Designed for everyday style and easy gifting. #Handmade #NewDrop,38,09/20/2025 20:43,Original,https://www.facebook.com/lumacraft-studio-synthetic/posts/100098768560105,0,0,Videos,English,,,,Lifetime,37510,20703,605,523,45,37,246,,246,1024023.0,27.3,,,
100098768568024,100098765432100,LumaCraft Studio,Handwoven Stole | Fresh Drop,Discover our handcrafted cotton kurta set. Designed for everyday style and easy gifting. #ShopSmall #ShopSmall,0,11/16/2025 10:14,Original,https://www.facebook.com/lumacraft-studio-synthetic/posts/100098768568024,0,0,Photos,English,,,,Lifetime,6762,4738,248,222,13,13,61,22.0,39,,,,,
100098768575943,100098765432100,LumaCraft Studio,Artisan Home Decor | Limited Edit,Discover our printed summer dress. Designed for everyday style and easy gifting. #StyleInspiration #LumaCraft,0,01/17/2025 18:35,Original,https://www.facebook.com/lumacraft-studio-synthetic/posts/100098768575943,0,0,Photos,English,,,,Lifetime,13999,13429,282,238,21,23,170,68.0,102,,,,,
100098768583862,100098765432100,LumaCraft Studio,Linen Co-Ord Set | Now Available,Discover our handcrafted cotton kurta set. Designed for everyday style and easy gifting. #FestiveEdit #StyleInspiration,0,03/13/2025 13:52,Original,https://www.facebook.com/lumacraft-studio-synthetic/posts/100098768583862,0,0,Photos,English,,,,Lifetime,7806,7569,271,240,14,17,100,45.0,55,,,,,
100098768591781,100098765432100,LumaCraft Studio,Pastel Shirt Collection | Weekend Pick,Discover our pastel shirt collection. Designed for everyday style and easy gifting. #Handmade #NewDrop,32,04/13/2025 12:58,Original,https://www.facebook.com/lumacraft-studio-synthetic/posts/100098768591781,0,0,Videos,English,,,,Lifetime,10979,5677,309,285,11,13,62,,62,273377.0,24.9,3.48,3.15,1106.0
100098768599700,100098765432100,LumaCraft Studio,Weekend Collection | Fresh Drop,Discover our weekend collection. Designed for everyday style and easy gifting. #FestiveEdit #StyleInspiration,0,04/24/2025 16:11,Original,https://www.facebook.com/lumacraft-studio-synthetic/posts/100098768599700,0,0,Photos,English,,,,Lifetime,5526,4174,170,151,12,7,55,20.0,35,,,,,
100098768607619,100098765432100,LumaCraft Studio,Handwoven Stole | Limited Edit,Discover our linen co-ord set. Designed for everyday style and easy gifting. #CottonLove #EverydayStyle,32,12/31/2025 15:27,Original,https://www.facebook.com/lumacraft-studio-synthetic/posts/100098768607619,0,0,Videos,English,,,,Lifetime,34848,19450,512,436,49,27,242,,242,498326.0,14.3,,,
100098768615538,100098765432100,LumaCraft Studio,Handwoven Stole | Fresh Drop,Discover our handcrafted cotton kurta set. Designed for everyday style and easy gifting. #EverydayStyle #EverydayStyle,0,10/11/2025 08:15,Original,https://www.facebook.com/lumacraft-studio-synthetic/posts/100098768615538,0,0,Photos,English,,,,Lifetime,10133,9887,339,315,18,6,108,35.0,73,,,,,
100098768623457,100098765432100,LumaCraft Studio,Pastel Shirt Collection | New Arrival,Discover our minimalist tote bag. Designed for everyday style and easy gifting. #StyleInspiration #LumaCraft,0,04/27/2025 15:05,Original,https://www.facebook.com/lumacraft-studio-synthetic/posts/100098768623457,0,0,Photos,English,,,,Lifetime,20995,22144,1054,975,34,45,260,99.0,161,,,,,
100098768631376,100098765432100,LumaCraft Studio,Artisan Home Decor | Weekend Pick,Discover our linen co-ord set. Designed for everyday style and easy gifting. #ShopSmall #FestiveEdit,38,12/21/2025 17:57,Original,https://www.facebook.com/lumacraft-studio-synthetic/posts/100098768631376,0,0,Videos,English,,,,Lifetime,8344,5488,170,150,12,8,68,,68,186071.0,22.3,,,
100098768639295,100098765432100,LumaCraft Studio,Printed Summer Dress | New Arrival,Discover our linen co-ord set. Designed for everyday style and easy gifting. #EverydayStyle #EverydayStyle,0,07/02/2025 15:53,Original,https://www.facebook.com/lumacraft-studio-synthetic/posts/100098768639295,0,0,Photos,English,,,,Lifetime,8121,8887,438,410,18,10,111,45.0,66,,,,,
100098768647214,100098765432100,LumaCraft Studio,Embroidered Festive Set | Fresh Drop,Discover our linen co-ord set. Designed for everyday style and easy gifting. #CottonLove #FestiveEdit,0,07/02/2025 13:06,Original,https://www.facebook.com/lumacraft-studio-synthetic/posts/100098768647214,0,0,Photos,English,,,,Lifetime,6347,6496,264,228,18,18,87,28.0,59,,,,,
100098768655133,100098765432100,LumaCraft Studio,Artisan Home Decor | Now Available,Discover our minimalist tote bag. Designed for everyday style and easy gifting. #LumaCraft #LumaCraft,45,06/08/2025 13:18,Original,https://www.facebook.com/lumacraft-studio-synthetic/posts/100098768655133,0,0,Videos,English,,,,Lifetime,47803,33321,1367,1216,84,67,433,,433,1257218.0,26.3,,,
100098768663052,100098765432100,LumaCraft Studio,Artisan Home Decor | Weekend Pick,Discover our artisan home decor. Designed for everyday style and easy gifting. #Handmade #LumaCraft,0,02/22/2025 19:45,Original,https://www.facebook.com/lumacraft-studio-synthetic/posts/100098768663052,0,0,Photos,English,,,,Lifetime,12213,8928,461,430,15,16,114,51.0,63,,,,,
100098768670971,100098765432100,LumaCraft Studio,Printed Summer Dress | Now Available,Discover our everyday cotton saree. Designed for everyday style and easy gifting. #EverydayStyle #CottonLove,0,12/08/2025 19:06,Original,https://www.facebook.com/lumacraft-studio-synthetic/posts/100098768670971,0,0,Photos,English,,,,Lifetime,12010,10506,311,272,24,15,129,56.0,73,,,,,
100098768678890,100098765432100,LumaCraft Studio,Handcrafted Cotton Kurta Set | Limited Edit,Discover our embroidered festive set. Designed for everyday style and easy gifting. #NewDrop #LumaCraft,0,01/06/2025 22:59,Original,https://www.facebook.com/lumacraft-studio-synthetic/posts/100098768678890,0,0,Photos,English,,,,Lifetime,10785,10570,481,438,20,23,144,59.0,85,,,,,
100098768686809,100098765432100,LumaCraft Studio,Handwoven Stole | New Arrival,Discover our artisan home decor. Designed for everyday style and easy gifting. #ShopSmall #EverydayStyle,0,03/05/2025 20:35,Original,https://www.facebook.com/lumacraft-studio-synthetic/posts/100098768686809,0,0,Photos,English,,,,Lifetime,6262,4759,188,169,10,9,60,24.0,36,,,,,
100098768694728,100098765432100,LumaCraft Studio,Embroidered Festive Set | New Arrival,Discover our embroidered festive set. Designed for everyday style and easy gifting. #FestiveEdit #NewDrop,22,03/25/2025 11:04,Original,https://www.facebook.com/lumacraft-studio-synthetic/posts/100098768694728,0,0,Videos,English,,,,Lifetime,6286,3713,81,68,4,9,42,,42,76689.0,12.2,,,
100098768702647,100098765432100,LumaCraft Studio,Embroidered Festive Set | New Arrival,Discover our handcrafted cotton kurta set. Designed for everyday style and easy gifting. #LumaCraft #NewDrop,31,04/12/2025 13:13,Original,https://www.facebook.com/lumacraft-studio-synthetic/posts/100098768702647,0,0,Videos,English,,,,Lifetime,33719,27492,798,698,58,42,342,,342,411371.0,12.2,,,
100098768710566,100098765432100,LumaCraft Studio,Weekend Collection | Weekend Pick,Discover our pastel shirt collection. Designed for everyday style and easy gifting. #ShopSmall #LumaCraft,0,02/18/2025 10:33,Shared,https://www.facebook.com/lumacraft-studio-synthetic/posts/100098768710566,0,0,Photos,English,,,,Lifetime,11515,8338,372,336,14,22,114,43.0,71,,,,,
100098768718485,100098765432100,LumaCraft Studio,Handwoven Stole | Limited Edit,Discover our pastel shirt collection. Designed for everyday style and easy gifting. #FestiveEdit #Handmade,34,01/07/2025 18:44,Original,https://www.facebook.com/lumacraft-studio-synthetic/posts/100098768718485,0,0,Videos,English,,,,Lifetime,48295,25631,702,599,57,46,316,,316,1255670.0,26.0,,,
100098768726404,100098765432100,LumaCraft Studio,Minimalist Tote Bag | New Arrival,Discover our handcrafted cotton kurta set. Designed for everyday style and easy gifting. #FestiveEdit #EverydayStyle,0,09/05/2025 16:37,Original,https://www.facebook.com/lumacraft-studio-synthetic/posts/100098768726404,0,0,Photos,English,,,,Lifetime,4899,3831,89,73,8,8,53,22.0,31,,,,,
100098768734323,100098765432100,LumaCraft Studio,Pastel Shirt Collection | Limited Edit,Discover our handcrafted cotton kurta set. Designed for everyday style and easy gifting. #LumaCraft #StyleInspiration,0,12/20/2025 11:04,Shared,https://www.facebook.com/lumacraft-studio-synthetic/posts/100098768734323,0,0,Photos,English,,,,Lifetime,4349,4318,157,134,11,12,49,19.0,30,,,,,
100098768742242,100098765432100,LumaCraft Studio,Printed Summer Dress | Fresh Drop,Discover our weekend collection. Designed for everyday style and easy gifting. #ShopSmall #CottonLove,0,02/14/2025 11:15,Original,https://www.facebook.com/lumacraft-studio-synthetic/posts/100098768742242,0,0,Photos,English,,,,Lifetime,10912,9705,535,506,17,12,110,64.0,46,,,,,
100098768750161,100098765432100,LumaCraft Studio,Linen Co-Ord Set | Weekend Pick,Discover our linen co-ord set. Designed for everyday style and easy gifting. #FestiveEdit #EverydayStyle,24,04/19/2025 19:22,Original,https://www.facebook.com/lumacraft-studio-synthetic/posts/100098768750161,0,0,Videos,English,,,,Lifetime,16472,9332,331,301,23,7,123,,123,140012.0,8.5,10.88,3.43,3172.0
100098768758080,100098765432100,LumaCraft Studio,Weekend Collection | Limited Edit,Discover our minimalist tote bag. Designed for everyday style and easy gifting. #LumaCraft #LumaCraft,0,07/04/2025 17:35,Shared,https://www.facebook.com/lumacraft-studio-synthetic/posts/100098768758080,0,0,Photos,English,,,,Lifetime,6044,5631,348,324,11,13,74,29.0,45,,,,,
100098768765999,100098765432100,LumaCraft Studio,Everyday Cotton Saree | Fresh Drop,Discover our minimalist tote bag. Designed for everyday style and easy gifting. #FestiveEdit #EverydayStyle,0,12/05/2025 13:50,Original,https://www.facebook.com/lumacraft-studio-synthetic/posts/100098768765999,0,0,Photos,English,,,,Lifetime,10043,7100,297,263,16,18,77,26.0,51,,,,,
100098768773918,100098765432100,LumaCraft Studio,Artisan Home Decor | Now Available,Discover our handcrafted cotton kurta set. Designed for everyday style and easy gifting. #Handmade #ShopSmall,0,09/11/2025 14:22,Original,https://www.facebook.com/lumacraft-studio-synthetic/posts/100098768773918,0,0,Photos,English,,,,Lifetime,13731,14986,769,712,34,23,209,70.0,139,,,,,
100098768781837,100098765432100,LumaCraft Studio,Everyday Cotton Saree | Fresh Drop,Discover our weekend collection. Designed for everyday style and easy gifting. #Handmade #LumaCraft,31,10/07/2025 18:01,Original,https://www.facebook.com/lumacraft-studio-synthetic/posts/100098768781837,0,0,Videos,English,,,,Lifetime,44087,25511,982,874,62,46,309,,309,484957.0,11.0,,,
100098768789756,100098765432100,LumaCraft Studio,Handwoven Stole | Weekend Pick,Discover our handcrafted cotton kurta set. Designed for everyday style and easy gifting. #NewDrop #EverydayStyle,0,08/01/2025 12:46,Original,https://www.facebook.com/lumacraft-studio-synthetic/posts/100098768789756,0,0,Photos,English,,,,Lifetime,6569,4626,128,108,12,8,52,27.0,25,,,,,
100098768797675,100098765432100,LumaCraft Studio,Embroidered Festive Set | New Arrival,Discover our artisan home decor. Designed for everyday style and easy gifting. #NewDrop #StyleInspiration,0,06/02/2025 20:24,Original,https://www.facebook.com/lumacraft-studio-synthetic/posts/100098768797675,0,0,Photos,English,,,,Lifetime,19632,19259,369,309,39,21,256,102.0,154,,,,,
100098768805594,100098765432100,LumaCraft Studio,Minimalist Tote Bag | Fresh Drop,Discover our pastel shirt collection. Designed for everyday style and easy gifting. #FestiveEdit #NewDrop,54,03/14/2025 19:07,Original,https://www.facebook.com/lumacraft-studio-synthetic/posts/100098768805594,0,0,Videos,English,,,,Lifetime,24019,12630,354,309,23,22,144,,144,790225.0,32.9,,,
100098768813513,100098765432100,LumaCraft Studio,Minimalist Tote Bag | New Arrival,Discover our linen co-ord set. Designed for everyday style and easy gifting. #Handmade #LumaCraft,0,11/12/2025 10:23,Original,https://www.facebook.com/lumacraft-studio-synthetic/posts/100098768813513,0,0,Photos,English,,,,Lifetime,10068,6851,322,281,20,21,73,43.0,30,,,,,
100098768821432,100098765432100,LumaCraft Studio,Pastel Shirt Collection | New Arrival,Discover our minimalist tote bag. Designed for everyday style and easy gifting. #StyleInspiration #ShopSmall,0,10/21/2025 18:15,Original,https://www.facebook.com/lumacraft-studio-synthetic/posts/100098768821432,0,0,Photos,English,,,,Lifetime,5100,5268,223,206,9,8,63,32.0,31,,,,,
100098768829351,100098765432100,LumaCraft Studio,Handwoven Stole | Limited Edit,Discover our handwoven stole. Designed for everyday style and easy gifting. #LumaCraft #StyleInspiration,0,01/10/2025 12:39,Shared,https://www.facebook.com/lumacraft-studio-synthetic/posts/100098768829351,0,0,Photos,English,,,,Lifetime,27053,23114,401,321,44,36,271,112.0,159,,,,,
100098768837270,100098765432100,LumaCraft Studio,Linen Co-Ord Set | Fresh Drop,Discover our minimalist tote bag. Designed for everyday style and easy gifting. #CottonLove #FestiveEdit,0,09/19/2025 15:24,Original,https://www.facebook.com/lumacraft-studio-synthetic/posts/100098768837270,0,0,Photos,English,,,,Lifetime,58266,42056,1120,954,89,77,495,200.0,295,,,,,
100098768845189,100098765432100,LumaCraft Studio,Handcrafted Cotton Kurta Set | Weekend Pick,Discover our handwoven stole. Designed for everyday style and easy gifting. #NewDrop #CottonLove,0,01/31/2025 13:52,Original,https://www.facebook.com/lumacraft-studio-synthetic/posts/100098768845189,0,0,Photos,English,,,,Lifetime,8074,6594,179,150,15,14,71,32.0,39,,,,,
100098768853108,100098765432100,LumaCraft Studio,Handcrafted Cotton Kurta Set | New Arrival,Discover our embroidered festive set. Designed for everyday style and easy gifting. #LumaCraft #FestiveEdit,54,09/27/2025 19:42,Original,https://www.facebook.com/lumacraft-studio-synthetic/posts/100098768853108,0,0,Videos,English,,,,Lifetime,16036,8555,168,136,15,17,113,,113,355999.0,22.2,,,
100098768861027,100098765432100,LumaCraft Studio,Handwoven Stole | New Arrival,Discover our printed summer dress. Designed for everyday style and easy gifting. #LumaCraft #CottonLove,0,10/29/2025 19:44,Original,https://www.facebook.com/lumacraft-studio-synthetic/posts/100098768861027,0,0,Photos,English,,,,Lifetime,23966,18335,759,689,39,31,203,94.0,109,,,,,
100098768868946,100098765432100,LumaCraft Studio,Printed Summer Dress | New Arrival,Discover our artisan home decor. Designed for everyday style and easy gifting. #FestiveEdit #FestiveEdit,0,02/17/2025 16:20,Original,https://www.facebook.com/lumacraft-studio-synthetic/posts/100098768868946,0,0,Photos,English,,,,Lifetime,4199,3949,133,121,6,6,37,19.0,18,,,,,
100098768876865,100098765432100,LumaCraft Studio,Printed Summer Dress | Now Available,Discover our artisan home decor. Designed for everyday style and easy gifting. #ShopSmall #LumaCraft,25,06/08/2025 13:19,Original,https://www.facebook.com/lumacraft-studio-synthetic/posts/100098768876865,0,0,Videos,English,,,,Lifetime,21116,10912,254,205,32,17,132,,132,247057.0,11.7,,,
100098768884784,100098765432100,LumaCraft Studio,Handcrafted Cotton Kurta Set | Fresh Drop,Discover our everyday cotton saree. Designed for everyday style and easy gifting. #FestiveEdit #Handmade,0,02/15/2025 11:14,Original,https://www.facebook.com/lumacraft-studio-synthetic/posts/100098768884784,0,0,Photos,English,,,,Lifetime,6799,7659,282,252,17,13,84,36.0,48,,,,,
100098768892703,100098765432100,LumaCraft Studio,Handwoven Stole | Limited Edit,Discover our artisan home decor. Designed for everyday style and easy gifting. #ShopSmall #CottonLove,0,07/27/2025 20:04,Original,https://www.facebook.com/lumacraft-studio-synthetic/posts/100098768892703,0,0,Photos,English,,,,Lifetime,7789,5295,204,190,5,9,67,26.0,41,,,,,
100098768900622,100098765432100,LumaCraft Studio,Artisan Home Decor | Weekend Pick,Discover our handcrafted cotton kurta set. Designed for everyday style and easy gifting. #Handmade #LumaCraft,39,12/05/2025 18:53,Original,https://www.facebook.com/lumacraft-studio-synthetic/posts/100098768900622,0,0,Videos,English,,,,Lifetime,36078,20449,1132,1063,30,39,258,,258,826186.0,22.9,,,
100098768908541,100098765432100,LumaCraft Studio,Pastel Shirt Collection | Limited Edit,Discover our weekend collection. Designed for everyday style and easy gifting. #EverydayStyle #ShopSmall,0,01/30/2025 16:16,Original,https://www.facebook.com/lumacraft-studio-synthetic/posts/100098768908541,0,0,Photos,English,,,,Lifetime,5222,3707,196,180,11,5,41,22.0,19,,,,,
100098768916460,100098765432100,LumaCraft Studio,Everyday Cotton Saree | Fresh Drop,Discover our weekend collection. Designed for everyday style and easy gifting. #EverydayStyle #NewDrop,52,05/26/2025 16:29,Original,https://www.facebook.com/lumacraft-studio-synthetic/posts/100098768916460,0,0,Videos,English,,,,Lifetime,8890,4589,217,197,11,9,62,,62,200025.0,22.5,,,
100098768924379,100098765432100,LumaCraft Studio,Everyday Cotton Saree | Now Available,Discover our embroidered festive set. Designed for everyday style and easy gifting. #StyleInspiration #LumaCraft,27,12/22/2025 16:49,Original,https://www.facebook.com/lumacraft-studio-synthetic/posts/100098768924379,0,0,Videos,English,,,,Lifetime,20016,9877,176,136,23,17,130,,130,210168.0,10.5,,,
100098768932298,100098765432100,LumaCraft Studio,Handcrafted Cotton Kurta Set | New Arrival,Discover our printed summer dress. Designed for everyday style and easy gifting. #ShopSmall #NewDrop,0,04/20/2025 11:26,Original,https://www.facebook.com/lumacraft-studio-synthetic/posts/100098768932298,0,0,Photos,English,,,,Lifetime,10479,8388,274,245,13,16,110,36.0,74,,,,,
100098768940217,100098765432100,LumaCraft Studio,Pastel Shirt Collection | Limited Edit,Discover our weekend collection. Designed for everyday style and easy gifting. #LumaCraft #CottonLove,0,02/18/2025 10:10,Original,https://www.facebook.com/lumacraft-studio-synthetic/posts/100098768940217,0,0,Photos,English,,,,Lifetime,10791,13166,388,334,24,30,161,61.0,100,,,,,
100098768948136,100098765432100,LumaCraft Studio,Weekend Collection | Fresh Drop,Discover our pastel shirt collection. Designed for everyday style and easy gifting. #FestiveEdit #EverydayStyle,0,06/28/2025 15:57,Original,https://www.facebook.com/lumacraft-studio-synthetic/posts/100098768948136,0,0,Photos,English,,,,Lifetime,19632,14367,721,659,35,27,178,84.0,94,,,,,
100098768956055,100098765432100,LumaCraft Studio,Artisan Home Decor | Weekend Pick,Discover our printed summer dress. Designed for everyday style and easy gifting. #CottonLove #FestiveEdit,0,07/05/2025 20:08,Original,https://www.facebook.com/lumacraft-studio-synthetic/posts/100098768956055,0,0,Photos,English,,,,Lifetime,21575,16033,324,259,41,24,190,69.0,121,,,,,
100098768963974,100098765432100,LumaCraft Studio,Artisan Home Decor | Fresh Drop,Discover our handcrafted cotton kurta set. Designed for everyday style and easy gifting. #CottonLove #StyleInspiration,0,08/30/2025 16:09,Original,https://www.facebook.com/lumacraft-studio-synthetic/posts/100098768963974,0,0,Photos,English,,,,Lifetime,9112,7747,141,117,13,11,83,32.0,51,,,,,
100098768971893,100098765432100,LumaCraft Studio,Weekend Collection | New Arrival,Discover our pastel shirt collection. Designed for everyday style and easy gifting. #EverydayStyle #LumaCraft,0,04/25/2025 12:09,Original,https://www.facebook.com/lumacraft-studio-synthetic/posts/100098768971893,0,0,Photos,English,,,,Lifetime,24133,16856,525,454,37,34,221,67.0,154,,,,,
100098768979812,100098765432100,LumaCraft Studio,Everyday Cotton Saree | Now Available,Discover our linen co-ord set. Designed for everyday style and easy gifting. #CottonLove #CottonLove,35,12/15/2025 07:15,Original,https://www.facebook.com/lumacraft-studio-synthetic/posts/100098768979812,0,0,Videos,English,,,,Lifetime,20302,10579,373,330,22,21,129,,129,399949.0,19.7,10.88,2.18,4993.0
100098768987731,100098765432100,LumaCraft Studio,Minimalist Tote Bag | New Arrival,Discover our embroidered festive set. Designed for everyday style and easy gifting. #FestiveEdit #ShopSmall,60,07/10/2025 10:09,Original,https://www.facebook.com/lumacraft-studio-synthetic/posts/100098768987731,0,0,Videos,English,,,,Lifetime,10080,8342,380,349,15,16,115,,115,279216.0,27.7,,,
100098768995650,100098765432100,LumaCraft Studio,Embroidered Festive Set | New Arrival,Discover our handcrafted cotton kurta set. Designed for everyday style and easy gifting. #Handmade #NewDrop,27,04/15/2025 14:55,Original,https://www.facebook.com/lumacraft-studio-synthetic/posts/100098768995650,0,0,Videos,English,,,,Lifetime,18788,10217,190,144,27,19,135,,135,326911.0,17.4,13.08,2.74,4773.0
100098769003569,100098765432100,LumaCraft Studio,Linen Co-Ord Set | Now Available,Discover our printed summer dress. Designed for everyday style and easy gifting. #LumaCraft #StyleInspiration,0,12/17/2025 16:04,Original,https://www.facebook.com/lumacraft-studio-synthetic/posts/100098769003569,0,0,Photos,English,,,,Lifetime,10865,7256,332,297,18,17,81,35.0,46,,,,,
100098769011488,100098765432100,LumaCraft Studio,Embroidered Festive Set | New Arrival,Discover our linen co-ord set. Designed for everyday style and easy gifting. #LumaCraft #LumaCraft,0,12/04/2025 14:27,Original,https://www.facebook.com/lumacraft-studio-synthetic/posts/100098769011488,0,0,Photos,English,,,,Lifetime,10356,11845,475,428,26,21,146,69.0,77,,,,,
100098769019407,100098765432100,LumaCraft Studio,Handcrafted Cotton Kurta Set | Limited Edit,Discover our linen co-ord set. Designed for everyday style and easy gifting. #LumaCraft #StyleInspiration,0,07/02/2025 16:39,Original,https://www.facebook.com/lumacraft-studio-synthetic/posts/100098769019407,0,0,Photos,English,,,,Lifetime,7701,5577,244,229,8,7,83,20.0,63,,,,,
100098769027326,100098765432100,LumaCraft Studio,Minimalist Tote Bag | New Arrival,Discover our pastel shirt collection. Designed for everyday style and easy gifting. #StyleInspiration #LumaCraft,0,01/10/2025 22:11,Original,https://www.facebook.com/lumacraft-studio-synthetic/posts/100098769027326,0,0,Photos,English,,,,Lifetime,4682,4074,129,115,8,6,53,22.0,31,,,,,
100098769035245,100098765432100,LumaCraft Studio,Pastel Shirt Collection | Weekend Pick,Discover our handcrafted cotton kurta set. Designed for everyday style and easy gifting. #NewDrop #EverydayStyle,56,08/06/2025 18:49,Original,https://www.facebook.com/lumacraft-studio-synthetic/posts/100098769035245,0,0,Videos,English,,,,Lifetime,36159,22800,1098,998,55,45,280,,280,1323419.0,36.6,30.7,2.87,10696.0
100098769043164,100098765432100,LumaCraft Studio,Embroidered Festive Set | Fresh Drop,Discover our everyday cotton saree. Designed for everyday style and easy gifting. #EverydayStyle #FestiveEdit,0,07/22/2025 15:44,Original,https://www.facebook.com/lumacraft-studio-synthetic/posts/100098769043164,0,0,Photos,English,,,,Lifetime,14090,12008,499,452,23,24,144,66.0,78,,,,,
100098769051083,100098765432100,LumaCraft Studio,Printed Summer Dress | Fresh Drop,Discover our artisan home decor. Designed for everyday style and easy gifting. #ShopSmall #CottonLove,0,02/24/2025 11:49,Original,https://www.facebook.com/lumacraft-studio-synthetic/posts/100098769051083,0,0,Photos,English,,,,Lifetime,13510,10868,620,582,18,20,130,61.0,69,,,,,
100098769059002,100098765432100,LumaCraft Studio,Printed Summer Dress | Now Available,Discover our pastel shirt collection. Designed for everyday style and easy gifting. #ShopSmall #Handmade,28,08/20/2025 14:55,Original,https://www.facebook.com/lumacraft-studio-synthetic/posts/100098769059002,0,0,Videos,English,,,,Lifetime,19402,14375,993,941,29,23,190,,190,368638.0,19.0,3.63,1.73,2097.0
100098769066921,100098765432100,LumaCraft Studio,Pastel Shirt Collection | Fresh Drop,Discover our handwoven stole. Designed for everyday style and easy gifting. #NewDrop #StyleInspiration,0,11/03/2025 08:55,Shared,https://www.facebook.com/lumacraft-studio-synthetic/posts/100098769066921,0,0,Photos,English,,,,Lifetime,4614,4612,230,207,12,11,56,26.0,30,,,,,
100098769074840,100098765432100,LumaCraft Studio,Minimalist Tote Bag | New Arrival,Discover our handwoven stole. Designed for everyday style and easy gifting. #Handmade #ShopSmall,0,02/08/2025 18:20,Original,https://www.facebook.com/lumacraft-studio-synthetic/posts/100098769074840,0,0,Photos,English,,,,Lifetime,13394,11916,529,479,30,20,154,57.0,97,,,,,
100098769082759,100098765432100,LumaCraft Studio,Everyday Cotton Saree | Now Available,Discover our everyday cotton saree. Designed for everyday style and easy gifting. #Handmade #FestiveEdit,0,09/22/2025 17:03,Original,https://www.facebook.com/lumacraft-studio-synthetic/posts/100098769082759,0,0,Photos,English,,,,Lifetime,4882,3453,193,172,13,8,42,24.0,18,,,,,
100098769090678,100098765432100,LumaCraft Studio,Everyday Cotton Saree | Limited Edit,Discover our minimalist tote bag. Designed for everyday style and easy gifting. #EverydayStyle #NewDrop,0,02/21/2025 18:45,Original,https://www.facebook.com/lumacraft-studio-synthetic/posts/100098769090678,0,0,Photos,English,,,,Lifetime,18138,15345,514,456,27,31,174,79.0,95,,,,,
100098769098597,100098765432100,LumaCraft Studio,Weekend Collection | Weekend Pick,Discover our embroidered festive set. Designed for everyday style and easy gifting. #StyleInspiration #LumaCraft,58,10/01/2025 12:12,Shared,https://www.facebook.com/lumacraft-studio-synthetic/posts/100098769098597,0,0,Videos,English,,,,Lifetime,7455,5092,159,131,13,15,66,,66,221413.0,29.7,,,
100098769106516,100098765432100,LumaCraft Studio,Pastel Shirt Collection | Fresh Drop,Discover our handwoven stole. Designed for everyday style and easy gifting. #NewDrop #LumaCraft,0,06/02/2025 15:55,Original,https://www.facebook.com/lumacraft-studio-synthetic/posts/100098769106516,0,0,Photos,English,,,,Lifetime,10077,6915,249,224,15,10,77,34.0,43,,,,,
100098769114435,100098765432100,LumaCraft Studio,Embroidered Festive Set | Now Available,Discover our weekend collection. Designed for everyday style and easy gifting. #StyleInspiration #Handmade,54,01/03/2025 17:45,Original,https://www.facebook.com/lumacraft-studio-synthetic/posts/100098769114435,0,0,Videos,English,,,,Lifetime,7301,5335,237,221,6,10,75,,75,226331.0,31.0,,,
100098769122354,100098765432100,LumaCraft Studio,Handcrafted Cotton Kurta Set | Weekend Pick,Discover our handwoven stole. Designed for everyday style and easy gifting. #ShopSmall #Handmade,37,12/19/2025 22:00,Original,https://www.facebook.com/lumacraft-studio-synthetic/posts/100098769122354,0,0,Videos,English,,,,Lifetime,16180,9219,420,375,23,22,112,,112,419062.0,25.9,7.28,1.72,4231.0
100098769130273,100098765432100,LumaCraft Studio,Handcrafted Cotton Kurta Set | New Arrival,Discover our embroidered festive set. Designed for everyday style and easy gifting. #FestiveEdit #EverydayStyle,46,03/02/2025 13:52,Original,https://www.facebook.com/lumacraft-studio-synthetic/posts/100098769130273,0,0,Videos,English,,,,Lifetime,37929,32086,609,463,81,65,381,,381,929260.0,24.5,,,
100098769138192,100098765432100,LumaCraft Studio,Linen Co-Ord Set | New Arrival,Discover our handcrafted cotton kurta set. Designed for everyday style and easy gifting. #ShopSmall #CottonLove,0,08/06/2025 15:03,Original,https://www.facebook.com/lumacraft-studio-synthetic/posts/100098769138192,0,0,Photos,English,,,,Lifetime,10741,9373,398,351,28,19,138,44.0,94,,,,,
100098769146111,100098765432100,LumaCraft Studio,Handcrafted Cotton Kurta Set | New Arrival,Discover our pastel shirt collection. Designed for everyday style and easy gifting. #NewDrop #StyleInspiration,0,03/08/2025 10:26,Original,https://www.facebook.com/lumacraft-studio-synthetic/posts/100098769146111,0,0,Photos,English,,,,Lifetime,6626,7701,280,236,24,20,82,34.0,48,,,,,
100098769154030,100098765432100,LumaCraft Studio,Handwoven Stole | Weekend Pick,Discover our weekend collection. Designed for everyday style and easy gifting. #EverydayStyle #CottonLove,53,12/07/2025 17:09,Original,https://www.facebook.com/lumacraft-studio-synthetic/posts/100098769154030,0,0,Videos,English,,,,Lifetime,5899,4823,142,129,6,7,63,,63,110901.0,18.8,,,
100098769161949,100098765432100,LumaCraft Studio,Minimalist Tote Bag | Fresh Drop,Discover our embroidered festive set. Designed for everyday style and easy gifting. #NewDrop #ShopSmall,0,09/27/2025 14:09,Original,https://www.facebook.com/lumacraft-studio-synthetic/posts/100098769161949,0,0,Photos,English,,,,Lifetime,7778,7184,338,300,25,13,89,44.0,45,,,,,
100098769169868,100098765432100,LumaCraft Studio,Printed Summer Dress | New Arrival,Discover our artisan home decor. Designed for everyday style and easy gifting. #FestiveEdit #ShopSmall,0,10/21/2025 13:55,Original,https://www.facebook.com/lumacraft-studio-synthetic/posts/100098769169868,0,0,Photos,English,,,,Lifetime,10228,8498,254,217,20,17,91,32.0,59,,,,,
100098769177787,100098765432100,LumaCraft Studio,Linen Co-Ord Set | Weekend Pick,Discover our handcrafted cotton kurta set. Designed for everyday style and easy gifting. #Handmade #ShopSmall,58,06/07/2025 17:43,Original,https://www.facebook.com/lumacraft-studio-synthetic/posts/100098769177787,0,0,Videos,English,,,,Lifetime,21801,13391,113,63,22,28,139,,139,728153.0,33.4,,,
100098769185706,100098765432100,LumaCraft Studio,Embroidered Festive Set | Weekend Pick,Discover our handcrafted cotton kurta set. Designed for everyday style and easy gifting. #EverydayStyle #EverydayStyle,0,06/20/2025 17:27,Original,https://www.facebook.com/lumacraft-studio-synthetic/posts/100098769185706,0,0,Photos,English,,,,Lifetime,4973,4622,265,249,7,9,61,17.0,44,,,,,
100098769193625,100098765432100,LumaCraft Studio,Artisan Home Decor | Limited Edit,Discover our handwoven stole. Designed for everyday style and easy gifting. #FestiveEdit #NewDrop,17,08/20/2025 16:04,Original,https://www.facebook.com/lumacraft-studio-synthetic/posts/100098769193625,0,0,Videos,English,,,,Lifetime,6390,3679,199,185,7,7,31,,31,46647.0,7.3,,,
100098769201544,100098765432100,LumaCraft Studio,Everyday Cotton Saree | Limited Edit,Discover our handwoven stole. Designed for everyday style and easy gifting. #LumaCraft #FestiveEdit,54,10/14/2025 20:28,Shared,https://www.facebook.com/lumacraft-studio-synthetic/posts/100098769201544,0,0,Videos,English,,,,Lifetime,31404,24206,1215,1129,44,42,263,,263,800802.0,25.5,,,
100098769209463,100098765432100,LumaCraft Studio,Weekend Collection | Now Available,Discover our printed summer dress. Designed for everyday style and easy gifting. #FestiveEdit #NewDrop,38,11/06/2025 14:33,Original,https://www.facebook.com/lumacraft-studio-synthetic/posts/100098769209463,0,0,Videos,English,,,,Lifetime,11765,7921,161,134,13,14,102,,102,345891.0,29.4,,,
100098769217382,100098765432100,LumaCraft Studio,Linen Co-Ord Set | Now Available,Discover our artisan home decor. Designed for everyday style and easy gifting. #NewDrop #FestiveEdit,0,01/07/2025 17:10,Original,https://www.facebook.com/lumacraft-studio-synthetic/posts/100098769217382,0,0,Photos,English,,,,Lifetime,6860,5557,216,194,11,11,54,25.0,29,,,,,
100098769225301,100098765432100,LumaCraft Studio,Embroidered Festive Set | New Arrival,Discover our printed summer dress. Designed for everyday style and easy gifting. #EverydayStyle #StyleInspiration,38,08/31/2025 18:35,Original,https://www.facebook.com/lumacraft-studio-synthetic/posts/100098769225301,0,0,Videos,English,,,,Lifetime,32122,16133,351,284,39,28,173,,173,542861.0,16.9,,,
100098769233220,100098765432100,LumaCraft Studio,Minimalist Tote Bag | Weekend Pick,Discover our minimalist tote bag. Designed for everyday style and easy gifting. #StyleInspiration #ShopSmall,0,02/09/2025 15:02,Original,https://www.facebook.com/lumacraft-studio-synthetic/posts/100098769233220,0,0,Photos,English,,,,Lifetime,14056,15295,640,586,38,16,149,75.0,74,,,,,
100098769241139,100098765432100,LumaCraft Studio,Minimalist Tote Bag | Weekend Pick,Discover our printed summer dress. Designed for everyday style and easy gifting. #NewDrop #FestiveEdit,34,04/16/2025 19:44,Original,https://www.facebook.com/lumacraft-studio-synthetic/posts/100098769241139,0,0,Videos,English,,,,Lifetime,95293,47476,1444,1244,98,102,592,,592,1315043.0,13.8,,,
100098769249058,100098765432100,LumaCraft Studio,Pastel Shirt Collection | New Arrival,Discover our printed summer dress. Designed for everyday style and easy gifting. #NewDrop #ShopSmall,43,10/30/2025 22:44,Original,https://www.facebook.com/lumacraft-studio-synthetic/posts/100098769249058,0,0,Videos,English,,,,Lifetime,8326,4072,61,44,7,10,55,,55,189000.0,22.7,,,
100098769256977,100098765432100,LumaCraft Studio,Minimalist Tote Bag | Now Available,Discover our weekend collection. Designed for everyday style and easy gifting. #LumaCraft #CottonLove,18,04/02/2025 16:45,Original,https://www.facebook.com/lumacraft-studio-synthetic/posts/100098769256977,0,0,Videos,English,,,,Lifetime,9893,7661,168,130,21,17,98,,98,115748.0,11.7,,,
100098769264896,100098765432100,LumaCraft Studio,Artisan Home Decor | Fresh Drop,Discover our minimalist tote bag. Designed for everyday style and easy gifting. #LumaCraft #LumaCraft,0,10/18/2025 13:39,Original,https://www.facebook.com/lumacraft-studio-synthetic/posts/100098769264896,0,0,Photos,English,,,,Lifetime,5949,4142,145,129,11,5,47,24.0,23,,,,,
100098769272815,100098765432100,LumaCraft Studio,Artisan Home Decor | Weekend Pick,Discover our handcrafted cotton kurta set. Designed for everyday style and easy gifting. #LumaCraft #LumaCraft,0,06/18/2025 20:42,Original,https://www.facebook.com/lumacraft-studio-synthetic/posts/100098769272815,0,0,Photos,English,,,,Lifetime,10223,8797,303,263,25,15,116,42.0,74,,,,,
100098769280734,100098765432100,LumaCraft Studio,Weekend Collection | Weekend Pick,Discover our everyday cotton saree. Designed for everyday style and easy gifting. #NewDrop #LumaCraft,0,03/26/2025 17:21,Original,https://www.facebook.com/lumacraft-studio-synthetic/posts/100098769280734,0,0,Photos,English,,,,Lifetime,7287,6247,226,196,18,12,80,31.0,49,,,,,
100098769288653,100098765432100,LumaCraft Studio,Pastel Shirt Collection | Fresh Drop,Discover our embroidered festive set. Designed for everyday style and easy gifting. #Handmade #StyleInspiration,0,05/02/2025 14:53,Original,https://www.facebook.com/lumacraft-studio-synthetic/posts/100098769288653,0,0,Photos,English,,,,Lifetime,11480,12032,246,202,24,20,145,63.0,82,,,,,
100098769296572,100098765432100,LumaCraft Studio,Weekend Collection | Now Available,Discover our minimalist tote bag. Designed for everyday style and easy gifting. #EverydayStyle #EverydayStyle,0,07/13/2025 17:33,Original,https://www.facebook.com/lumacraft-studio-synthetic/posts/100098769296572,0,0,Photos,English,,,,Lifetime,4132,4642,214,200,6,8,67,15.0,52,,,,,
100098769304491,100098765432100,LumaCraft Studio,Minimalist Tote Bag | Now Available,Discover our minimalist tote bag. Designed for everyday style and easy gifting. #FestiveEdit #Handmade,0,10/07/2025 16:43,Original,https://www.facebook.com/lumacraft-studio-synthetic/posts/100098769304491,0,0,Photos,English,,,,Lifetime,8350,6917,84,52,15,17,81,32.0,49,,,,,
100098769312410,100098765432100,LumaCraft Studio,Handwoven Stole | Limited Edit,Discover our pastel shirt collection. Designed for everyday style and easy gifting. #StyleInspiration #FestiveEdit,0,08/10/2025 15:54,Original,https://www.facebook.com/lumacraft-studio-synthetic/posts/100098769312410,0,0,Photos,English,,,,Lifetime,6674,7401,272,243,15,14,90,31.0,59,,,,,
100098769320329,100098765432100,LumaCraft Studio,Pastel Shirt Collection | Limited Edit,Discover our minimalist tote bag. Designed for everyday style and easy gifting. #Handmade #StyleInspiration,59,12/07/2025 17:24,Original,https://www.facebook.com/lumacraft-studio-synthetic/posts/100098769320329,0,0,Videos,English,,,,Lifetime,25481,14733,250,192,41,17,165,,165,741497.0,29.1,,,
100098769328248,100098765432100,LumaCraft Studio,Pastel Shirt Collection | Now Available,Discover our handcrafted cotton kurta set. Designed for everyday style and easy gifting. #Handmade #EverydayStyle,24,11/13/2025 15:20,Original,https://www.facebook.com/lumacraft-studio-synthetic/posts/100098769328248,0,0,Videos,English,,,,Lifetime,9326,4489,45,28,10,7,42,,42,152946.0,16.4,,,
100098769336167,100098765432100,LumaCraft Studio,Printed Summer Dress | Limited Edit,Discover our handwoven stole. Designed for everyday style and easy gifting. #LumaCraft #EverydayStyle,0,10/02/2025 15:15,Original,https://www.facebook.com/lumacraft-studio-synthetic/posts/100098769336167,0,0,Photos,English,,,,Lifetime,10064,10430,649,603,27,19,137,48.0,89,,,,,
100098769344086,100098765432100,LumaCraft Studio,Embroidered Festive Set | Fresh Drop,Discover our embroidered festive set. Designed for everyday style and easy gifting. #Handmade #StyleInspiration,53,08/09/2025 10:07,Original,https://www.facebook.com/lumacraft-studio-synthetic/posts/100098769344086,0,0,Videos,English,,,,Lifetime,14454,8998,226,197,12,17,97,,97,407602.0,28.2,,,
100098769352005,100098765432100,LumaCraft Studio,Artisan Home Decor | Fresh Drop,Discover our weekend collection. Designed for everyday style and easy gifting. #StyleInspiration #ShopSmall,0,04/16/2025 17:07,Original,https://www.facebook.com/lumacraft-studio-synthetic/posts/100098769352005,0,0,Photos,English,,,,Lifetime,3076,3193,165,149,11,5,33,24.0,9,,,,,
100098769359924,100098765432100,LumaCraft Studio,Everyday Cotton Saree | Fresh Drop,Discover our everyday cotton saree. Designed for everyday style and easy gifting. #CottonLove #FestiveEdit,0,05/31/2025 17:39,Original,https://www.facebook.com/lumacraft-studio-synthetic/posts/100098769359924,0,0,Photos,English,,,,Lifetime,3947,3160,93,78,6,9,29,16.0,13,,,,,
100098769367843,100098765432100,LumaCraft Studio,Everyday Cotton Saree | Weekend Pick,Discover our artisan home decor. Designed for everyday style and easy gifting. #StyleInspiration #Handmade,0,02/13/2025 07:53,Original,https://www.facebook.com/lumacraft-studio-synthetic/posts/100098769367843,0,0,Photos,English,,,,Lifetime,2553,2981,144,135,8,1,35,17.0,18,,,,,
100098769375762,100098765432100,LumaCraft Studio,Weekend Collection | Limited Edit,Discover our embroidered festive set. Designed for everyday style and easy gifting. #EverydayStyle #CottonLove,15,05/17/2025 12:19,Original,https://www.facebook.com/lumacraft-studio-synthetic/posts/100098769375762,0,0,Videos,English,,,,Lifetime,13458,7670,144,113,18,13,86,,86,80748.0,6.0,,,
100098769383681,100098765432100,LumaCraft Studio,Artisan Home Decor | New Arrival,Discover our weekend collection. Designed for everyday style and easy gifting. #EverydayStyle #LumaCraft,35,12/05/2025 18:56,Original,https://www.facebook.com/lumacraft-studio-synthetic/posts/100098769383681,0,0,Videos,English,,,,Lifetime,16179,9645,175,141,18,16,96,,96,381824.0,23.6,5.53,2.44,2267.0
100098769391600,100098765432100,LumaCraft Studio,Minimalist Tote Bag | New Arrival,Discover our handwoven stole. Designed for everyday style and easy gifting. #FestiveEdit #Handmade,18,06/05/2025 13:51,Original,https://www.facebook.com/lumacraft-studio-synthetic/posts/100098769391600,0,0,Videos,English,,,,Lifetime,27139,15956,582,519,33,30,197,,197,211684.0,7.8,,,
100098769399519,100098765432100,LumaCraft Studio,Pastel Shirt Collection | Fresh Drop,Discover our printed summer dress. Designed for everyday style and easy gifting. #ShopSmall #LumaCraft,59,02/11/2025 17:10,Original,https://www.facebook.com/lumacraft-studio-synthetic/posts/100098769399519,0,0,Videos,English,,,,Lifetime,6906,5509,253,225,12,16,72,,72,280383.0,40.6,,,
100098769407438,100098765432100,LumaCraft Studio,Everyday Cotton Saree | New Arrival,Discover our everyday cotton saree. Designed for everyday style and easy gifting. #StyleInspiration #Handmade,42,08/26/2025 13:07,Original,https://www.facebook.com/lumacraft-studio-synthetic/posts/100098769407438,0,0,Videos,English,,,,Lifetime,16374,9310,139,113,16,10,102,,102,396250.0,24.2,,,
100098769415357,100098765432100,LumaCraft Studio,Artisan Home Decor | Fresh Drop,Discover our printed summer dress. Designed for everyday style and easy gifting. #NewDrop #Handmade,0,12/18/2025 11:16,Original,https://www.facebook.com/lumacraft-studio-synthetic/posts/100098769415357,0,0,Photos,English,,,,Lifetime,10843,7187,276,247,16,13,87,24.0,63,,,,,
100098769423276,100098765432100,LumaCraft Studio,Artisan Home Decor | Weekend Pick,Discover our everyday cotton saree. Designed for everyday style and easy gifting. #EverydayStyle #EverydayStyle,0,11/13/2025 17:17,Original,https://www.facebook.com/lumacraft-studio-synthetic/posts/100098769423276,0,0,Photos,English,,,,Lifetime,2075,1797,86,76,8,2,24,6.0,18,,,,,
100098769431195,100098765432100,LumaCraft Studio,Weekend Collection | Weekend Pick,Discover our weekend collection. Designed for everyday style and easy gifting. #EverydayStyle #LumaCraft,0,04/11/2025 19:44,Original,https://www.facebook.com/lumacraft-studio-synthetic/posts/100098769431195,0,0,Photos,English,,,,Lifetime,15295,10862,477,435,18,24,117,49.0,68,,,,,
100098769439114,100098765432100,LumaCraft Studio,Embroidered Festive Set | Now Available,Discover our embroidered festive set. Designed for everyday style and easy gifting. #NewDrop #CottonLove,34,06/15/2025 16:12,Original,https://www.facebook.com/lumacraft-studio-synthetic/posts/100098769439114,0,0,Videos,English,,,,Lifetime,6093,4358,96,61,20,15,46,,46,119422.0,19.6,,,
100098769447033,100098765432100,LumaCraft Studio,Everyday Cotton Saree | New Arrival,Discover our weekend collection. Designed for everyday style and easy gifting. #FestiveEdit #ShopSmall,0,07/13/2025 17:46,Original,https://www.facebook.com/lumacraft-studio-synthetic/posts/100098769447033,0,0,Photos,English,,,,Lifetime,13874,14780,555,508,25,22,163,67.0,96,,,,,
100098769454952,100098765432100,LumaCraft Studio,Printed Summer Dress | Fresh Drop,Discover our printed summer dress. Designed for everyday style and easy gifting. #EverydayStyle #StyleInspiration,0,04/01/2025 16:57,Original,https://www.facebook.com/lumacraft-studio-synthetic/posts/100098769454952,0,0,Photos,English,,,,Lifetime,22327,15079,697,644,30,23,180,88.0,92,,,,,
100098769462871,100098765432100,LumaCraft Studio,Linen Co-Ord Set | New Arrival,Discover our embroidered festive set. Designed for everyday style and easy gifting. #CottonLove #EverydayStyle,17,04/09/2025 13:18,Original,https://www.facebook.com/lumacraft-studio-synthetic/posts/100098769462871,0,0,Videos,English,,,,Lifetime,24460,18682,434,336,54,44,242,,242,217694.0,8.9,,,
100098769470790,100098765432100,LumaCraft Studio,Minimalist Tote Bag | Fresh Drop,Discover our everyday cotton saree. Designed for everyday style and easy gifting. #LumaCraft #Handmade,0,03/28/2025 13:37,Shared,https://www.facebook.com/lumacraft-studio-synthetic/posts/100098769470790,0,0,Photos,English,,,,Lifetime,11795,10924,340,298,19,23,159,65.0,94,,,,,
100098769478709,100098765432100,LumaCraft Studio,Weekend Collection | Limited Edit,Discover our embroidered festive set. Designed for everyday style and easy gifting. #ShopSmall #EverydayStyle,42,12/30/2025 21:31,Original,https://www.facebook.com/lumacraft-studio-synthetic/posts/100098769478709,0,0,Videos,English,,,,Lifetime,37343,27122,1377,1270,55,52,353,,353,970918.0,26.0,,,
100098769486628,100098765432100,LumaCraft Studio,Linen Co-Ord Set | Weekend Pick,Discover our weekend collection. Designed for everyday style and easy gifting. #CottonLove #EverydayStyle,0,09/30/2025 17:23,Original,https://www.facebook.com/lumacraft-studio-synthetic/posts/100098769486628,0,0,Photos,English,,,,Lifetime,3827,2708,119,109,5,5,33,7.0,26,,,,,
100098769494547,100098765432100,LumaCraft Studio,Handwoven Stole | Weekend Pick,Discover our handcrafted cotton kurta set. Designed for everyday style and easy gifting. #LumaCraft #ShopSmall,44,11/03/2025 07:32,Original,https://www.facebook.com/lumacraft-studio-synthetic/posts/100098769494547,0,0,Videos,English,,,,Lifetime,12252,8042,387,348,21,18,95,,95,351632.0,28.7,2.93,1.34,2188.0
100098769502466,100098765432100,LumaCraft Studio,Linen Co-Ord Set | Now Available,Discover our linen co-ord set. Designed for everyday style and easy gifting. #FestiveEdit #FestiveEdit,22,10/26/2025 19:24,Original,https://www.facebook.com/lumacraft-studio-synthetic/posts/100098769502466,0,0,Videos,English,,,,Lifetime,12673,7632,245,211,15,19,97,,97,106453.0,8.4,,,
100098769510385,100098765432100,LumaCraft Studio,Everyday Cotton Saree | Now Available,Discover our linen co-ord set. Designed for everyday style and easy gifting. #EverydayStyle #ShopSmall,0,12/17/2025 16:21,Original,https://www.facebook.com/lumacraft-studio-synthetic/posts/100098769510385,0,0,Photos,English,,,,Lifetime,20769,18855,1365,1300,39,26,231,92.0,139,,,,,
100098769518304,100098765432100,LumaCraft Studio,Handwoven Stole | Fresh Drop,Discover our pastel shirt collection. Designed for everyday style and easy gifting. #FestiveEdit #LumaCraft,42,02/08/2025 20:26,Original,https://www.facebook.com/lumacraft-studio-synthetic/posts/100098769518304,0,0,Videos,English,,,,Lifetime,53903,36758,1536,1400,79,57,429,,429,1175085.0,21.8,,,
100098769526223,100098765432100,LumaCraft Studio,Embroidered Festive Set | New Arrival,Discover our minimalist tote bag. Designed for everyday style and easy gifting. #FestiveEdit #StyleInspiration,0,11/18/2025 19:19,Original,https://www.facebook.com/lumacraft-studio-synthetic/posts/100098769526223,0,0,Photos,English,,,,Lifetime,30952,19168,975,888,45,42,214,105.0,109,,,,,
100098769534142,100098765432100,LumaCraft Studio,Minimalist Tote Bag | New Arrival,Discover our everyday cotton saree. Designed for everyday style and easy gifting. #ShopSmall #NewDrop,0,01/25/2025 16:19,Original,https://www.facebook.com/lumacraft-studio-synthetic/posts/100098769534142,0,0,Photos,English,,,,Lifetime,12851,9390,392,351,26,15,110,40.0,70,,,,,
100098769542061,100098765432100,LumaCraft Studio,Artisan Home Decor | New Arrival,Discover our printed summer dress. Designed for everyday style and easy gifting. #Handmade #EverydayStyle,0,06/23/2025 15:26,Shared,https://www.facebook.com/lumacraft-studio-synthetic/posts/100098769542061,0,0,Photos,English,,,,Lifetime,23135,22412,1269,1198,42,29,258,113.0,145,,,,,
100098769549980,100098765432100,LumaCraft Studio,Everyday Cotton Saree | New Arrival,Discover our linen co-ord set. Designed for everyday style and easy gifting. #NewDrop #Handmade,20,08/05/2025 14:37,Original,https://www.facebook.com/lumacraft-studio-synthetic/posts/100098769549980,0,0,Videos,English,,,,Lifetime,32622,21094,547,463,44,40,248,,248,411037.0,12.6,8.28,2.46,3364.0
100098769557899,100098765432100,LumaCraft Studio,Embroidered Festive Set | New Arrival,Discover our pastel shirt collection. Designed for everyday style and easy gifting. #CottonLove #StyleInspiration,0,05/11/2025 13:24,Original,https://www.facebook.com/lumacraft-studio-synthetic/posts/100098769557899,0,0,Photos,English,,,,Lifetime,8629,8669,304,260,22,22,108,40.0,68,,,,,
100098769565818,100098765432100,LumaCraft Studio,Handcrafted Cotton Kurta Set | Now Available,Discover our minimalist tote bag. Designed for everyday style and easy gifting. #Handmade #ShopSmall,0,02/23/2025 20:54,Original,https://www.facebook.com/lumacraft-studio-synthetic/posts/100098769565818,0,0,Photos,English,,,,Lifetime,22985,19935,652,568,48,36,250,91.0,159,,,,,
100098769573737,100098765432100,LumaCraft Studio,Printed Summer Dress | Weekend Pick,Discover our embroidered festive set. Designed for everyday style and easy gifting. #EverydayStyle #Handmade,39,03/12/2025 18:56,Original,https://www.facebook.com/lumacraft-studio-synthetic/posts/100098769573737,0,0,Videos,English,,,,Lifetime,35461,17076,385,310,41,34,205,,205,900709.0,25.4,,,
100098769581656,100098765432100,LumaCraft Studio,Embroidered Festive Set | Now Available,Discover our artisan home decor. Designed for everyday style and easy gifting. #LumaCraft #NewDrop,0,10/29/2025 18:58,Original,https://www.facebook.com/lumacraft-studio-synthetic/posts/100098769581656,0,0,Photos,English,,,,Lifetime,14654,14827,620,560,36,24,175,73.0,102,,,,,
100098769589575,100098765432100,LumaCraft Studio,Minimalist Tote Bag | Weekend Pick,Discover our handcrafted cotton kurta set. Designed for everyday style and easy gifting. #CottonLove #ShopSmall,0,04/27/2025 18:13,Shared,https://www.facebook.com/lumacraft-studio-synthetic/posts/100098769589575,0,0,Photos,English,,,,Lifetime,10949,12407,319,269,24,26,174,63.0,111,,,,,
100098769597494,100098765432100,LumaCraft Studio,Everyday Cotton Saree | New Arrival,Discover our minimalist tote bag. Designed for everyday style and easy gifting. #NewDrop #EverydayStyle,0,04/24/2025 15:45,Original,https://www.facebook.com/lumacraft-studio-synthetic/posts/100098769597494,0,0,Photos,English,,,,Lifetime,9422,8001,178,146,15,17,100,24.0,76,,,,,
100098769605413,100098765432100,LumaCraft Studio,Everyday Cotton Saree | New Arrival,Discover our handcrafted cotton kurta set. Designed for everyday style and easy gifting. #Handmade #StyleInspiration,0,12/04/2025 15:41,Original,https://www.facebook.com/lumacraft-studio-synthetic/posts/100098769605413,0,0,Photos,English,,,,Lifetime,5742,4419,215,194,15,6,48,25.0,23,,,,,
100098769613332,100098765432100,LumaCraft Studio,Handwoven Stole | Limited Edit,Discover our everyday cotton saree. Designed for everyday style and easy gifting. #ShopSmall #LumaCraft,25,02/22/2025 17:14,Original,https://www.facebook.com/lumacraft-studio-synthetic/posts/100098769613332,0,0,Videos,English,,,,Lifetime,16188,8211,32,0,17,15,102,,102,302715.0,18.7,,,
100098769621251,100098765432100,LumaCraft Studio,Minimalist Tote Bag | Fresh Drop,Discover our handcrafted cotton kurta set. Designed for everyday style and easy gifting. #CottonLove #LumaCraft,0,12/01/2025 13:18,Original,https://www.facebook.com/lumacraft-studio-synthetic/posts/100098769621251,0,0,Photos,English,,,,Lifetime,12475,10526,579,546,19,14,115,62.0,53,,,,,
100098769629170,100098765432100,LumaCraft Studio,Everyday Cotton Saree | New Arrival,Discover our embroidered festive set. Designed for everyday style and easy gifting. #LumaCraft #NewDrop,0,12/03/2025 16:15,Original,https://www.facebook.com/lumacraft-studio-synthetic/posts/100098769629170,0,0,Photos,English,,,,Lifetime,12396,9950,506,462,23,21,120,35.0,85,,,,,
100098769637089,100098765432100,LumaCraft Studio,Weekend Collection | Now Available,Discover our handwoven stole. Designed for everyday style and easy gifting. #EverydayStyle #CottonLove,46,08/07/2025 15:17,Shared,https://www.facebook.com/lumacraft-studio-synthetic/posts/100098769637089,0,0,Videos,English,,,,Lifetime,21886,13525,517,451,32,34,163,,163,691597.0,31.6,,,
100098769645008,100098765432100,LumaCraft Studio,Artisan Home Decor | Now Available,Discover our printed summer dress. Designed for everyday style and easy gifting. #ShopSmall #Handmade,0,03/02/2025 18:13,Original,https://www.facebook.com/lumacraft-studio-synthetic/posts/100098769645008,0,0,Photos,English,,,,Lifetime,22076,14807,583,525,35,23,177,67.0,110,,,,,
100098769652927,100098765432100,LumaCraft Studio,Weekend Collection | Now Available,Discover our artisan home decor. Designed for everyday style and easy gifting. #Handmade #FestiveEdit,36,02/26/2025 19:34,Original,https://www.facebook.com/lumacraft-studio-synthetic/posts/100098769652927,0,0,Videos,English,,,,Lifetime,35600,17604,263,197,43,23,213,,213,573160.0,16.1,,,
100098769660846,100098765432100,LumaCraft Studio,Everyday Cotton Saree | Now Available,Discover our printed summer dress. Designed for everyday style and easy gifting. #CottonLove #LumaCraft,0,04/14/2025 06:10,Original,https://www.facebook.com/lumacraft-studio-synthetic/posts/100098769660846,0,0,Photos,English,,,,Lifetime,4750,3585,85,69,11,5,38,21.0,17,,,,,
100098769668765,100098765432100,LumaCraft Studio,Artisan Home Decor | Now Available,Discover our artisan home decor. Designed for everyday style and easy gifting. #NewDrop #FestiveEdit,35,07/30/2025 14:27,Original,https://www.facebook.com/lumacraft-studio-synthetic/posts/100098769668765,0,0,Videos,English,,,,Lifetime,27602,16342,620,553,35,32,210,,210,703851.0,25.5,,,
100098769676684,100098765432100,LumaCraft Studio,Everyday Cotton Saree | New Arrival,Discover our linen co-ord set. Designed for everyday style and easy gifting. #NewDrop #StyleInspiration,55,02/26/2025 18:47,Original,https://www.facebook.com/lumacraft-studio-synthetic/posts/100098769676684,0,0,Videos,English,,,,Lifetime,24803,16878,492,415,48,29,190,,190,816018.0,32.9,19.23,2.87,6700.0
100098769684603,100098765432100,LumaCraft Studio,Printed Summer Dress | Fresh Drop,Discover our weekend collection. Designed for everyday style and easy gifting. #StyleInspiration #ShopSmall,40,06/16/2025 11:41,Original,https://www.facebook.com/lumacraft-studio-synthetic/posts/100098769684603,0,0,Videos,English,,,,Lifetime,6981,5632,194,166,15,13,63,,63,210128.0,30.1,,,
100098769692522,100098765432100,LumaCraft Studio,Linen Co-Ord Set | Limited Edit,Discover our printed summer dress. Designed for everyday style and easy gifting. #CottonLove #Handmade,0,02/12/2025 10:46,Original,https://www.facebook.com/lumacraft-studio-synthetic/posts/100098769692522,0,0,Photos,English,,,,Lifetime,7644,5705,225,206,8,11,68,41.0,27,,,,,
100098769700441,100098765432100,LumaCraft Studio,Handwoven Stole | New Arrival,Discover our everyday cotton saree. Designed for everyday style and easy gifting. #CottonLove #Handmade,0,07/17/2025 14:27,Shared,https://www.facebook.com/lumacraft-studio-synthetic/posts/100098769700441,0,0,Photos,English,,,,Lifetime,5215,5333,148,130,8,10,58,24.0,34,,,,,
100098769708360,100098765432100,LumaCraft Studio,Printed Summer Dress | New Arrival,Discover our handcrafted cotton kurta set. Designed for everyday style and easy gifting. #EverydayStyle #Handmade,49,01/08/2025 12:59,Original,https://www.facebook.com/lumacraft-studio-synthetic/posts/100098769708360,0,0,Videos,English,,,,Lifetime,58892,32320,1047,927,64,56,386,,386,1802095.0,30.6,,,
100098769716279,100098765432100,LumaCraft Studio,Pastel Shirt Collection | New Arrival,Discover our handcrafted cotton kurta set. Designed for everyday style and easy gifting. #NewDrop #ShopSmall,0,09/16/2025 11:01,Original,https://www.facebook.com/lumacraft-studio-synthetic/posts/100098769716279,0,0,Photos,English,,,,Lifetime,13202,10717,432,392,22,18,125,65.0,60,,,,,
100098769724198,100098765432100,LumaCraft Studio,Pastel Shirt Collection | New Arrival,Discover our everyday cotton saree. Designed for everyday style and easy gifting. #FestiveEdit #EverydayStyle,0,01/21/2025 17:25,Original,https://www.facebook.com/lumacraft-studio-synthetic/posts/100098769724198,0,0,Photos,English,,,,Lifetime,5211,4401,156,134,12,10,56,26.0,30,,,,,
100098769732117,100098765432100,LumaCraft Studio,Linen Co-Ord Set | Fresh Drop,Discover our handcrafted cotton kurta set. Designed for everyday style and easy gifting. #StyleInspiration #NewDrop,0,03/13/2025 20:17,Original,https://www.facebook.com/lumacraft-studio-synthetic/posts/100098769732117,0,0,Photos,English,,,,Lifetime,6473,6273,250,233,9,8,64,23.0,41,,,,,
100098769740036,100098765432100,LumaCraft Studio,Linen Co-Ord Set | Fresh Drop,Discover our everyday cotton saree. Designed for everyday style and easy gifting. #Handmade #ShopSmall,51,03/05/2025 09:58,Original,https://www.facebook.com/lumacraft-studio-synthetic/posts/100098769740036,0,0,Videos,English,,,,Lifetime,7157,5734,116,96,13,7,53,,53,272681.0,38.1,3.87,2.22,1745.0
100098769747955,100098765432100,LumaCraft Studio,Printed Summer Dress | New Arrival,Discover our linen co-ord set. Designed for everyday style and easy gifting. #FestiveEdit #FestiveEdit,24,10/31/2025 11:35,Original,https://www.facebook.com/lumacraft-studio-synthetic/posts/100098769747955,0,0,Videos,English,,,,Lifetime,31825,16607,366,324,20,22,210,,210,455097.0,14.3,,,
100098769755874,100098765432100,LumaCraft Studio,Embroidered Festive Set | New Arrival,Discover our printed summer dress. Designed for everyday style and easy gifting. #StyleInspiration #NewDrop,0,01/20/2025 13:47,Original,https://www.facebook.com/lumacraft-studio-synthetic/posts/100098769755874,0,0,Photos,English,,,,Lifetime,13281,9171,359,318,24,17,116,43.0,73,,,,,
100098769763793,100098765432100,LumaCraft Studio,Minimalist Tote Bag | Fresh Drop,Discover our artisan home decor. Designed for everyday style and easy gifting. #Handmade #NewDrop,19,06/06/2025 19:13,Original,https://www.facebook.com/lumacraft-studio-synthetic/posts/100098769763793,0,0,Videos,English,,,,Lifetime,25966,16132,597,536,36,25,203,,203,179165.0,6.9,,,
100098769771712,100098765432100,LumaCraft Studio,Handwoven Stole | Limited Edit,Discover our artisan home decor. Designed for everyday style and easy gifting. #CottonLove #CottonLove,0,08/04/2025 10:39,Original,https://www.facebook.com/lumacraft-studio-synthetic/posts/100098769771712,0,0,Photos,English,,,,Lifetime,10988,9304,300,262,13,25,118,39.0,79,,,,,
100098769779631,100098765432100,LumaCraft Studio,Handcrafted Cotton Kurta Set | Limited Edit,Discover our minimalist tote bag. Designed for everyday style and easy gifting. #CottonLove #StyleInspiration,0,07/08/2025 18:34,Original,https://www.facebook.com/lumacraft-studio-synthetic/posts/100098769779631,0,0,Photos,English,,,,Lifetime,7327,6958,322,296,10,16,78,33.0,45,,,,,
100098769787550,100098765432100,LumaCraft Studio,Artisan Home Decor | Fresh Drop,Discover our embroidered festive set. Designed for everyday style and easy gifting. #LumaCraft #Handmade,0,09/06/2025 15:10,Original,https://www.facebook.com/lumacraft-studio-synthetic/posts/100098769787550,0,0,Photos,English,,,,Lifetime,17866,17197,735,663,40,32,215,85.0,130,,,,,
100098769795469,100098765432100,LumaCraft Studio,Everyday Cotton Saree | Weekend Pick,Discover our linen co-ord set. Designed for everyday style and easy gifting. #Handmade #FestiveEdit,0,10/21/2025 16:14,Original,https://www.facebook.com/lumacraft-studio-synthetic/posts/100098769795469,0,0,Photos,English,,,,Lifetime,9193,7323,283,250,17,16,92,36.0,56,,,,,
100098769803388,100098765432100,LumaCraft Studio,Artisan Home Decor | Fresh Drop,Discover our artisan home decor. Designed for everyday style and easy gifting. #NewDrop #EverydayStyle,0,05/24/2025 17:30,Shared,https://www.facebook.com/lumacraft-studio-synthetic/posts/100098769803388,0,0,Photos,English,,,,Lifetime,12017,9767,304,268,24,12,110,52.0,58,,,,,
100098769811307,100098765432100,LumaCraft Studio,Embroidered Festive Set | Limited Edit,Discover our weekend collection. Designed for everyday style and easy gifting. #FestiveEdit #Handmade,49,10/30/2025 17:00,Original,https://www.facebook.com/lumacraft-studio-synthetic/posts/100098769811307,0,0,Videos,English,,,,Lifetime,4519,3212,95,85,7,3,34,,34,172173.0,38.1,,,
100098769819226,100098765432100,LumaCraft Studio,Minimalist Tote Bag | New Arrival,Discover our minimalist tote bag. Designed for everyday style and easy gifting. #NewDrop #EverydayStyle,56,04/27/2025 23:59,Original,https://www.facebook.com/lumacraft-studio-synthetic/posts/100098769819226,0,0,Videos,English,,,,Lifetime,6879,5155,128,109,11,8,48,,48,174726.0,25.4,6.95,4.11,1690.0
100098769827145,100098765432100,LumaCraft Studio,Artisan Home Decor | New Arrival,Discover our handwoven stole. Designed for everyday style and easy gifting. #CottonLove #EverydayStyle,0,12/26/2025 16:06,Original,https://www.facebook.com/lumacraft-studio-synthetic/posts/100098769827145,0,0,Photos,English,,,,Lifetime,4088,3990,166,151,6,9,58,17.0,41,,,,,
100098769835064,100098765432100,LumaCraft Studio,Linen Co-Ord Set | Weekend Pick,Discover our minimalist tote bag. Designed for everyday style and easy gifting. #NewDrop #NewDrop,0,07/04/2025 17:05,Shared,https://www.facebook.com/lumacraft-studio-synthetic/posts/100098769835064,0,0,Photos,English,,,,Lifetime,5004,3112,187,173,8,6,44,17.0,27,,,,,
100098769842983,100098765432100,LumaCraft Studio,Printed Summer Dress | Weekend Pick,Discover our embroidered festive set. Designed for everyday style and easy gifting. #Handmade #FestiveEdit,0,09/26/2025 21:19,Original,https://www.facebook.com/lumacraft-studio-synthetic/posts/100098769842983,0,0,Photos,English,,,,Lifetime,36143,27278,1504,1391,62,51,315,130.0,185,,,,,
100098769850902,100098765432100,LumaCraft Studio,Minimalist Tote Bag | Fresh Drop,Discover our artisan home decor. Designed for everyday style and easy gifting. #EverydayStyle #NewDrop,57,11/16/2025 15:19,Original,https://www.facebook.com/lumacraft-studio-synthetic/posts/100098769850902,0,0,Videos,English,,,,Lifetime,12664,6596,155,134,12,9,76,,76,345727.0,27.3,,,
100098769858821,100098765432100,LumaCraft Studio,Pastel Shirt Collection | New Arrival,Discover our embroidered festive set. Designed for everyday style and easy gifting. #StyleInspiration #LumaCraft,53,10/17/2025 15:12,Original,https://www.facebook.com/lumacraft-studio-synthetic/posts/100098769858821,0,0,Videos,English,,,,Lifetime,11815,6113,306,281,13,12,55,,55,446606.0,37.8,3.98,3.41,1167.0
100098769866740,100098765432100,LumaCraft Studio,Artisan Home Decor | Weekend Pick,Discover our printed summer dress. Designed for everyday style and easy gifting. #Handmade #StyleInspiration,53,11/07/2025 17:03,Original,https://www.facebook.com/lumacraft-studio-synthetic/posts/100098769866740,0,0,Videos,English,,,,Lifetime,10763,5389,66,42,15,9,72,,72,333653.0,31.0,,,
100098769874659,100098765432100,LumaCraft Studio,Artisan Home Decor | Now Available,Discover our minimalist tote bag. Designed for everyday style and easy gifting. #StyleInspiration #FestiveEdit,0,07/15/2025 14:19,Original,https://www.facebook.com/lumacraft-studio-synthetic/posts/100098769874659,0,0,Photos,English,,,,Lifetime,8343,7193,373,340,17,16,85,31.0,54,,,,,
100098769882578,100098765432100,LumaCraft Studio,Embroidered Festive Set | Now Available,Discover our handcrafted cotton kurta set. Designed for everyday style and easy gifting. #CottonLove #FestiveEdit,0,01/16/2025 18:47,Shared,https://www.facebook.com/lumacraft-studio-synthetic/posts/100098769882578,0,0,Photos,English,,,,Lifetime,10895,9959,515,484,15,16,111,40.0,71,,,,,
100098769890497,100098765432100,LumaCraft Studio,Handcrafted Cotton Kurta Set | Fresh Drop,Discover our handwoven stole. Designed for everyday style and easy gifting. #Handmade #StyleInspiration,0,06/29/2025 18:56,Original,https://www.facebook.com/lumacraft-studio-synthetic/posts/100098769890497,0,0,Photos,English,,,,Lifetime,4948,6036,316,289,13,14,57,36.0,21,,,,,
100098769898416,100098765432100,LumaCraft Studio,Printed Summer Dress | Weekend Pick,Discover our linen co-ord set. Designed for everyday style and easy gifting. #FestiveEdit #EverydayStyle,0,03/08/2025 14:24,Original,https://www.facebook.com/lumacraft-studio-synthetic/posts/100098769898416,0,0,Photos,English,,,,Lifetime,17225,15455,455,368,46,41,200,80.0,120,,,,,
100098769906335,100098765432100,LumaCraft Studio,Pastel Shirt Collection | Weekend Pick,Discover our printed summer dress. Designed for everyday style and easy gifting. #CottonLove #EverydayStyle,0,11/21/2025 18:42,Original,https://www.facebook.com/lumacraft-studio-synthetic/posts/100098769906335,0,0,Photos,English,,,,Lifetime,18722,12373,447,402,26,19,148,58.0,90,,,,,
100098769914254,100098765432100,LumaCraft Studio,Embroidered Festive Set | New Arrival,Discover our embroidered festive set. Designed for everyday style and easy gifting. #EverydayStyle #FestiveEdit,0,03/28/2025 15:48,Original,https://www.facebook.com/lumacraft-studio-synthetic/posts/100098769914254,0,0,Photos,English,,,,Lifetime,28867,21082,675,600,32,43,208,103.0,105,,,,,
100098769922173,100098765432100,LumaCraft Studio,Linen Co-Ord Set | Weekend Pick,Discover our embroidered festive set. Designed for everyday style and easy gifting. #EverydayStyle #ShopSmall,43,03/25/2025 19:16,Original,https://www.facebook.com/lumacraft-studio-synthetic/posts/100098769922173,0,0,Videos,English,,,,Lifetime,68108,35638,763,649,65,49,451,,451,1259998.0,18.5,,,
100098769930092,100098765432100,LumaCraft Studio,Minimalist Tote Bag | Weekend Pick,Discover our handcrafted cotton kurta set. Designed for everyday style and easy gifting. #LumaCraft #StyleInspiration,0,04/02/2025 19:08,Original,https://www.facebook.com/lumacraft-studio-synthetic/posts/100098769930092,0,0,Photos,English,,,,Lifetime,12224,8925,177,145,21,11,117,45.0,72,,,,,
100098769938011,100098765432100,LumaCraft Studio,Printed Summer Dress | Fresh Drop,Discover our handwoven stole. Designed for everyday style and easy gifting. #Handmade #ShopSmall,0,08/23/2025 10:19,Original,https://www.facebook.com/lumacraft-studio-synthetic/posts/100098769938011,0,0,Photos,English,,,,Lifetime,14593,11088,358,316,28,14,124,62.0,62,,,,,
100098769945930,100098765432100,LumaCraft Studio,Handcrafted Cotton Kurta Set | Limited Edit,Discover our handwoven stole. Designed for everyday style and easy gifting. #NewDrop #CottonLove,60,07/28/2025 16:09,Original,https://www.facebook.com/lumacraft-studio-synthetic/posts/100098769945930,0,0,Videos,English,,,,Lifetime,8843,5600,214,190,16,8,59,,59,222843.0,25.2,,,
100098769953849,100098765432100,LumaCraft Studio,Handwoven Stole | New Arrival,Discover our pastel shirt collection. Designed for everyday style and easy gifting. #CottonLove #CottonLove,0,12/13/2025 09:30,Shared,https://www.facebook.com/lumacraft-studio-synthetic/posts/100098769953849,0,0,Photos,English,,,,Lifetime,7165,7376,450,425,16,9,91,30.0,61,,,,,
100098769961768,100098765432100,LumaCraft Studio,Printed Summer Dress | Fresh Drop,Discover our handwoven stole. Designed for everyday style and easy gifting. #EverydayStyle #EverydayStyle,45,06/01/2025 06:03,Original,https://www.facebook.com/lumacraft-studio-synthetic/posts/100098769961768,0,0,Videos,English,,,,Lifetime,8728,5455,307,278,16,13,81,,81,250493.0,28.7,,,
100098769969687,100098765432100,LumaCraft Studio,Minimalist Tote Bag | Now Available,Discover our linen co-ord set. Designed for everyday style and easy gifting. #StyleInspiration #FestiveEdit,0,04/14/2025 15:51,Original,https://www.facebook.com/lumacraft-studio-synthetic/posts/100098769969687,0,0,Photos,English,,,,Lifetime,8434,7674,217,192,12,13,97,43.0,54,,,,,
100098769977606,100098765432100,LumaCraft Studio,Embroidered Festive Set | Limited Edit,Discover our everyday cotton saree. Designed for everyday style and easy gifting. #FestiveEdit #NewDrop,17,01/18/2025 07:46,Original,https://www.facebook.com/lumacraft-studio-synthetic/posts/100098769977606,0,0,Videos,English,,,,Lifetime,6142,5210,35,20,7,8,67,,67,76775.0,12.5,,,
100098769985525,100098765432100,LumaCraft Studio,Printed Summer Dress | New Arrival,Discover our weekend collection. Designed for everyday style and easy gifting. #Handmade #CottonLove,0,01/03/2025 17:44,Original,https://www.facebook.com/lumacraft-studio-synthetic/posts/100098769985525,0,0,Photos,English,,,,Lifetime,3747,3139,117,103,12,2,43,18.0,25,,,,,
100098769993444,100098765432100,LumaCraft Studio,Everyday Cotton Saree | Limited Edit,Discover our handcrafted cotton kurta set. Designed for everyday style and easy gifting. #EverydayStyle #CottonLove,0,05/17/2025 11:49,Original,https://www.facebook.com/lumacraft-studio-synthetic/posts/100098769993444,0,0,Photos,English,,,,Lifetime,12002,9557,420,371,23,26,102,49.0,53,,,,,
100098770001363,100098765432100,LumaCraft Studio,Pastel Shirt Collection | Limited Edit,Discover our handwoven stole. Designed for everyday style and easy gifting. #Handmade #ShopSmall,35,12/04/2025 11:03,Original,https://www.facebook.com/lumacraft-studio-synthetic/posts/100098770001363,0,0,Videos,English,,,,Lifetime,22456,14870,486,440,18,28,168,,168,428909.0,19.1,,,
100098770009282,100098765432100,LumaCraft Studio,Printed Summer Dress | Now Available,Discover our printed summer dress. Designed for everyday style and easy gifting. #EverydayStyle #ShopSmall,0,07/11/2025 18:51,Original,https://www.facebook.com/lumacraft-studio-synthetic/posts/100098770009282,0,0,Photos,English,,,,Lifetime,12493,10945,254,229,12,13,108,63.0,45,,,,,
100098770017201,100098765432100,LumaCraft Studio,Pastel Shirt Collection | Weekend Pick,Discover our minimalist tote bag. Designed for everyday style and easy gifting. #FestiveEdit #LumaCraft,0,11/23/2025 16:27,Original,https://www.facebook.com/lumacraft-studio-synthetic/posts/100098770017201,0,0,Photos,English,,,,Lifetime,6425,4332,228,218,5,5,48,23.0,25,,,,,
100098770025120,100098765432100,LumaCraft Studio,Weekend Collection | Limited Edit,Discover our embroidered festive set. Designed for everyday style and easy gifting. #ShopSmall #FestiveEdit,0,02/07/2025 10:49,Original,https://www.facebook.com/lumacraft-studio-synthetic/posts/100098770025120,0,0,Photos,English,,,,Lifetime,15299,10883,313,277,20,16,136,49.0,87,,,,,
100098770033039,100098765432100,LumaCraft Studio,Pastel Shirt Collection | Limited Edit,Discover our linen co-ord set. Designed for everyday style and easy gifting. #Handmade #EverydayStyle,0,02/04/2025 14:32,Original,https://www.facebook.com/lumacraft-studio-synthetic/posts/100098770033039,0,0,Photos,English,,,,Lifetime,9357,9933,415,378,23,14,115,37.0,78,,,,,
100098770040958,100098765432100,LumaCraft Studio,Printed Summer Dress | Limited Edit,Discover our handwoven stole. Designed for everyday style and easy gifting. #StyleInspiration #CottonLove,51,11/01/2025 13:44,Original,https://www.facebook.com/lumacraft-studio-synthetic/posts/100098770040958,0,0,Videos,English,,,,Lifetime,42810,21168,805,729,42,34,249,,249,1695276.0,39.6,,,
100098770048877,100098765432100,LumaCraft Studio,Handcrafted Cotton Kurta Set | Weekend Pick,Discover our weekend collection. Designed for everyday style and easy gifting. #NewDrop #NewDrop,0,02/08/2025 18:12,Original,https://www.facebook.com/lumacraft-studio-synthetic/posts/100098770048877,0,0,Photos,English,,,,Lifetime,7113,5029,246,228,10,8,58,24.0,34,,,,,
100098770056796,100098765432100,LumaCraft Studio,Artisan Home Decor | Limited Edit,Discover our minimalist tote bag. Designed for everyday style and easy gifting. #FestiveEdit #Handmade,0,01/19/2025 18:30,Original,https://www.facebook.com/lumacraft-studio-synthetic/posts/100098770056796,0,0,Photos,English,,,,Lifetime,26098,19097,645,582,36,27,233,75.0,158,,,,,
100098770064715,100098765432100,LumaCraft Studio,Embroidered Festive Set | Now Available,Discover our minimalist tote bag. Designed for everyday style and easy gifting. #CottonLove #NewDrop,0,05/28/2025 15:18,Original,https://www.facebook.com/lumacraft-studio-synthetic/posts/100098770064715,0,0,Photos,English,,,,Lifetime,20441,16948,534,468,32,34,184,87.0,97,,,,,
100098770072634,100098765432100,LumaCraft Studio,Weekend Collection | Weekend Pick,Discover our everyday cotton saree. Designed for everyday style and easy gifting. #Handmade #EverydayStyle,44,12/04/2025 12:22,Original,https://www.facebook.com/lumacraft-studio-synthetic/posts/100098770072634,0,0,Videos,English,,,,Lifetime,21479,15155,501,439,41,21,194,,194,438171.0,20.4,,,
100098770080553,100098765432100,LumaCraft Studio,Everyday Cotton Saree | New Arrival,Discover our handwoven stole. Designed for everyday style and easy gifting. #CottonLove #EverydayStyle,0,09/09/2025 12:38,Original,https://www.facebook.com/lumacraft-studio-synthetic/posts/100098770080553,0,0,Photos,English,,,,Lifetime,6144,4539,139,120,10,9,49,26.0,23,,,,,
100098770088472,100098765432100,LumaCraft Studio,Handwoven Stole | Weekend Pick,Discover our linen co-ord set. Designed for everyday style and easy gifting. #ShopSmall #ShopSmall,0,02/06/2025 10:45,Original,https://www.facebook.com/lumacraft-studio-synthetic/posts/100098770088472,0,0,Photos,English,,,,Lifetime,6051,5828,341,314,12,15,83,25.0,58,,,,,
100098770096391,100098765432100,LumaCraft Studio,Printed Summer Dress | Limited Edit,Discover our embroidered festive set. Designed for everyday style and easy gifting. #Handmade #FestiveEdit,58,11/02/2025 09:20,Original,https://www.facebook.com/lumacraft-studio-synthetic/posts/100098770096391,0,0,Videos,English,,,,Lifetime,11732,8835,369,337,13,19,87,,87,361345.0,30.8,8.8,4.07,2163.0
100098770104310,100098765432100,LumaCraft Studio,Pastel Shirt Collection | Limited Edit,Discover our embroidered festive set. Designed for everyday style and easy gifting. #EverydayStyle #EverydayStyle,0,11/04/2025 11:10,Original,https://www.facebook.com/lumacraft-studio-synthetic/posts/100098770104310,0,0,Photos,English,,,,Lifetime,5263,3478,153,136,13,4,48,15.0,33,,,,,
100098770112229,100098765432100,LumaCraft Studio,Linen Co-Ord Set | New Arrival,Discover our artisan home decor. Designed for everyday style and easy gifting. #LumaCraft #StyleInspiration,60,10/20/2025 18:03,Original,https://www.facebook.com/lumacraft-studio-synthetic/posts/100098770112229,0,0,Videos,English,,,,Lifetime,31286,21770,397,307,51,39,271,,271,663263.0,21.2,,,
100098770120148,100098765432100,LumaCraft Studio,Everyday Cotton Saree | Fresh Drop,Discover our handcrafted cotton kurta set. Designed for everyday style and easy gifting. #LumaCraft #NewDrop,0,11/26/2025 22:23,Original,https://www.facebook.com/lumacraft-studio-synthetic/posts/100098770120148,0,0,Photos,English,,,,Lifetime,11512,7159,215,187,17,11,85,27.0,58,,,,,
100098770128067,100098765432100,LumaCraft Studio,Printed Summer Dress | Limited Edit,Discover our printed summer dress. Designed for everyday style and easy gifting. #LumaCraft #NewDrop,0,03/29/2025 11:59,Original,https://www.facebook.com/lumacraft-studio-synthetic/posts/100098770128067,0,0,Photos,English,,,,Lifetime,8323,9516,331,295,15,21,123,47.0,76,,,,,
100098770135986,100098765432100,LumaCraft Studio,Pastel Shirt Collection | Limited Edit,Discover our minimalist tote bag. Designed for everyday style and easy gifting. #ShopSmall #StyleInspiration,0,12/24/2025 15:39,Original,https://www.facebook.com/lumacraft-studio-synthetic/posts/100098770135986,0,0,Photos,English,,,,Lifetime,16753,14720,882,820,34,28,202,81.0,121,,,,,
100098770143905,100098765432100,LumaCraft Studio,Handwoven Stole | New Arrival,Discover our handcrafted cotton kurta set. Designed for everyday style and easy gifting. #Handmade #FestiveEdit,22,04/28/2025 14:11,Original,https://www.facebook.com/lumacraft-studio-synthetic/posts/100098770143905,0,0,Videos,English,,,,Lifetime,23457,12630,549,498,28,23,138,,138,218150.0,9.3,,,
100098770151824,100098765432100,LumaCraft Studio,Embroidered Festive Set | New Arrival,Discover our artisan home decor. Designed for everyday style and easy gifting. #Handmade #Handmade,0,10/20/2025 21:52,Original,https://www.facebook.com/lumacraft-studio-synthetic/posts/100098770151824,0,0,Photos,English,,,,Lifetime,12094,11025,601,569,17,15,119,49.0,70,,,,,
100098770159743,100098765432100,LumaCraft Studio,Weekend Collection | Fresh Drop,Discover our printed summer dress. Designed for everyday style and easy gifting. #EverydayStyle #NewDrop,0,07/31/2025 19:27,Original,https://www.facebook.com/lumacraft-studio-synthetic/posts/100098770159743,0,0,Photos,English,,,,Lifetime,13007,12950,387,341,28,18,151,55.0,96,,,,,
100098770167662,100098765432100,LumaCraft Studio,Handcrafted Cotton Kurta Set | Limited Edit,Discover our minimalist tote bag. Designed for everyday style and easy gifting. #EverydayStyle #ShopSmall,0,10/12/2025 12:11,Original,https://www.facebook.com/lumacraft-studio-synthetic/posts/100098770167662,0,0,Photos,English,,,,Lifetime,3398,2911,60,44,5,11,34,15.0,19,,,,,
100098770175581,100098765432100,LumaCraft Studio,Handcrafted Cotton Kurta Set | Now Available,Discover our linen co-ord set. Designed for everyday style and easy gifting. #StyleInspiration #CottonLove,0,08/18/2025 17:56,Original,https://www.facebook.com/lumacraft-studio-synthetic/posts/100098770175581,0,0,Photos,English,,,,Lifetime,9547,6558,204,183,10,11,72,35.0,37,,,,,
100098770183500,100098765432100,LumaCraft Studio,Embroidered Festive Set | Fresh Drop,Discover our artisan home decor. Designed for everyday style and easy gifting. #EverydayStyle #FestiveEdit,0,08/23/2025 17:17,Original,https://www.facebook.com/lumacraft-studio-synthetic/posts/100098770183500,0,0,Photos,English,,,,Lifetime,10053,8580,366,326,25,15,91,47.0,44,,,,,
